"2025-08-21 15:42:07",Cassielle,17,"SLOWRUN ULTIME SUR ZELDA TOTK - JOUR 180- 637h - 99,71% | !EA !prog !wishlist !etsy",2025-08-21T12:43:47Z,1,512998
"2025-08-21 15:42:07",SolalGon,17,"Reprise tranquille TotK [Shrines 130/152] -> Ocarina of Time Master Quest aprÃ¨s !",2025-08-21T11:16:06Z,2,512998
"2025-08-21 15:42:07",Kaaena,4,"[FR/EN] On reprend TotK  en douceur !",2025-08-21T12:51:05Z,3,512998
"2025-08-21 15:42:07",hidorik,3,"On fait le 100% de TOTK !",2025-08-21T12:22:31Z,4,512998
"2025-08-21 15:42:07",Shaurts,2,"Le retour de Totk !",2025-08-21T12:31:39Z,5,512998
"2025-08-21 15:42:07",SYLKAR,1,"LET'S PLAY SUR THE LEGEND OF ZELDA : TEARS OF THE KINGDOM !",2025-08-21T13:15:14Z,6,512998
"2025-08-21 15:42:07",noa26helena,1,"On joue chill",2025-08-21T13:29:05Z,7,512998
"2025-08-21 15:42:07",litium16,1,"#? Bienvenue chill stream ! NS2",2025-08-21T13:30:21Z,8,512998
"2025-08-21 15:55:46",Cassielle,17,"SLOWRUN ULTIME SUR ZELDA TOTK - JOUR 180- 637h - 99,71% | !EA !prog !wishlist !etsy",2025-08-21T12:43:47Z,1,512998
"2025-08-21 15:55:46",SolalGon,11,"Reprise tranquille TotK [Shrines 130/152] -> Ocarina of Time Master Quest aprÃ¨s !",2025-08-21T11:16:06Z,2,512998
"2025-08-21 15:55:46",Kaaena,4,"[FR/EN] On reprend TotK  en douceur !",2025-08-21T12:51:05Z,3,512998
"2025-08-21 15:55:46",hidorik,2,"On fait le 100% de TOTK !",2025-08-21T12:22:31Z,4,512998
"2025-08-21 15:55:46",Shaurts,2,"Le retour de Totk !",2025-08-21T12:31:39Z,5,512998
"2025-08-21 15:55:46",SYLKAR,1,"LET'S PLAY SUR THE LEGEND OF ZELDA : TEARS OF THE KINGDOM !",2025-08-21T13:15:14Z,6,512998
"2025-08-21 15:55:46",Fondue1234,1,"TotK IL speedruns for WR",2025-08-21T11:59:49Z,7,512998
"2025-08-21 15:55:46",litium16,1,"#? Bienvenue chill stream ! NS2",2025-08-21T13:30:21Z,8,512998
"2025-08-24 10:37:09",LumiPotato,6,"Poursuite des quÃªtes sur Zelda TOTK ! !discord !sauvegarde",2025-08-24T07:36:43Z,1,512998
"2025-08-24 10:38:47",LumiPotato,6,"Poursuite des quÃªtes sur Zelda TOTK ! !discord !sauvegarde",2025-08-24T07:36:43Z,1,512998
"2025-08-24 10:40:41",LumiPotato,5,"Poursuite des quÃªtes sur Zelda TOTK ! !discord !sauvegarde",2025-08-24T07:36:43Z,1,512998
"2025-08-24 10:42:19",LumiPotato,5,"Poursuite des quÃªtes sur Zelda TOTK ! !discord !sauvegarde",2025-08-24T07:36:43Z,1,512998
"2025-08-24 10:43:46",LumiPotato,5,"Poursuite des quÃªtes sur Zelda TOTK ! !discord !sauvegarde",2025-08-24T07:36:43Z,1,512998
"2025-08-24 10:48:46",LumiPotato,6,"Poursuite des quÃªtes sur Zelda TOTK ! !discord !sauvegarde",2025-08-24T07:36:43Z,1,512998
"2025-08-24 10:53:46",LumiPotato,3,"Poursuite des quÃªtes sur Zelda TOTK ! !discord !sauvegarde",2025-08-24T07:36:43Z,1,512998
"2025-08-24 10:58:46",LumiPotato,4,"Poursuite des quÃªtes sur Zelda TOTK ! !discord !sauvegarde",2025-08-24T07:36:43Z,1,512998
"2025-08-24 11:03:46",LumiPotato,4,"Poursuite des quÃªtes sur Zelda TOTK ! !discord !sauvegarde",2025-08-24T07:36:43Z,1,512998
"2025-08-24 11:08:46",LumiPotato,4,"Poursuite des quÃªtes sur Zelda TOTK ! !discord !sauvegarde",2025-08-24T07:36:43Z,1,512998
"2025-08-24 11:13:46",LumiPotato,4,"Poursuite des quÃªtes sur Zelda TOTK ! !discord !sauvegarde",2025-08-24T07:36:43Z,1,512998
"2025-08-24 11:18:46",LumiPotato,4,"Poursuite des quÃªtes sur Zelda TOTK ! !discord !sauvegarde",2025-08-24T07:36:43Z,1,512998
"2025-08-24 11:23:46",LumiPotato,4,"Poursuite des quÃªtes sur Zelda TOTK ! !discord !sauvegarde",2025-08-24T07:36:43Z,1,512998
"2025-08-24 11:28:46",LumiPotato,3,"Poursuite des quÃªtes sur Zelda TOTK ! !discord !sauvegarde",2025-08-24T07:36:43Z,1,512998
"2025-08-24 11:33:46",LumiPotato,1,"Poursuite des quÃªtes sur Zelda TOTK ! !discord !sauvegarde",2025-08-24T07:36:43Z,1,512998
"2025-08-24 11:38:46",LumiPotato,3,"Poursuite des quÃªtes sur Zelda TOTK ! !discord !sauvegarde",2025-08-24T07:36:43Z,1,512998
"2025-08-24 11:43:46",LumiPotato,4,"Poursuite des quÃªtes sur Zelda TOTK ! !discord !sauvegarde",2025-08-24T07:36:43Z,1,512998
"2025-08-24 11:48:46",LumiPotato,4,"Poursuite des quÃªtes sur Zelda TOTK ! !discord !sauvegarde",2025-08-24T07:36:43Z,1,512998
"2025-08-24 11:53:46",LumiPotato,3,"Poursuite des quÃªtes sur Zelda TOTK ! !discord !sauvegarde",2025-08-24T07:36:43Z,1,512998
"2025-08-24 11:58:46",LumiPotato,4,"Poursuite des quÃªtes sur Zelda TOTK ! !discord !sauvegarde",2025-08-24T07:36:43Z,1,512998
"2025-08-24 12:03:46",LumiPotato,2,"Poursuite des quÃªtes sur Zelda TOTK ! !discord !sauvegarde",2025-08-24T07:36:43Z,1,512998
"2025-08-24 12:08:46",LumiPotato,2,"Poursuite des quÃªtes sur Zelda TOTK ! !discord !sauvegarde",2025-08-24T07:36:43Z,1,512998
"2025-08-24 12:13:46",LumiPotato,2,"Poursuite des quÃªtes sur Zelda TOTK ! !discord !sauvegarde",2025-08-24T07:36:43Z,1,512998
"2025-08-24 12:18:46",LumiPotato,2,"Poursuite des quÃªtes sur Zelda TOTK ! !discord !sauvegarde",2025-08-24T07:36:43Z,1,512998
"2025-08-24 12:23:46",LumiPotato,2,"Poursuite des quÃªtes sur Zelda TOTK ! !discord !sauvegarde",2025-08-24T07:36:43Z,1,512998
"2025-08-24 12:28:46",LumiPotato,1,"Poursuite des quÃªtes sur Zelda TOTK ! !discord !sauvegarde",2025-08-24T07:36:43Z,1,512998
"2025-08-24 12:33:46",LumiPotato,1,"Poursuite des quÃªtes sur Zelda TOTK ! !discord !sauvegarde",2025-08-24T07:36:43Z,1,512998
"2025-08-24 12:58:46",Lukysuerah,1,"De retour Ã  la surface ! ( toujours avec une atÃ¨le )",2025-08-24T10:50:22Z,1,1981388235
"2025-08-24 13:03:46",Lukysuerah,2,"De retour Ã  la surface ! ( toujours avec une atÃ¨le )",2025-08-24T10:50:22Z,1,1981388235
"2025-08-24 13:08:47",Lukysuerah,3,"De retour Ã  la surface ! ( toujours avec une atÃ¨le )",2025-08-24T10:50:22Z,1,1981388235
"2025-08-24 13:13:46",Lukysuerah,3,"De retour Ã  la surface ! ( toujours avec une atÃ¨le )",2025-08-24T10:50:22Z,1,1981388235
"2025-08-24 13:18:46",Lukysuerah,3,"De retour Ã  la surface ! ( toujours avec une atÃ¨le )",2025-08-24T10:50:22Z,1,1981388235
"2025-08-24 13:23:47",Lukysuerah,2,"De retour Ã  la surface ! ( toujours avec une atÃ¨le )",2025-08-24T10:50:22Z,1,1981388235
"2025-08-24 13:28:46",Lukysuerah,2,"De retour Ã  la surface ! ( toujours avec une atÃ¨le )",2025-08-24T10:50:22Z,1,1981388235
"2025-08-24 13:33:46",litium16,1,"#? Bienvenue chill stream ! NS2",2025-08-24T11:30:02Z,1,512998
"2025-08-24 13:33:46",Lukysuerah,3,"De retour Ã  la surface ! ( toujours avec une atÃ¨le )",2025-08-24T10:50:22Z,1,1981388235
"2025-08-24 13:38:46",litium16,2,"#? Bienvenue chill stream ! NS2",2025-08-24T11:30:02Z,1,512998
"2025-08-24 13:38:46",Lukysuerah,3,"De retour Ã  la surface ! ( toujours avec une atÃ¨le )",2025-08-24T10:50:22Z,1,1981388235
"2025-08-24 13:43:46",litium16,1,"#? Bienvenue chill stream ! NS2",2025-08-24T11:30:02Z,1,512998
"2025-08-24 13:43:46",Lukysuerah,3,"De retour Ã  la surface ! ( toujours avec une atÃ¨le )",2025-08-24T10:50:22Z,1,1981388235
"2025-08-24 13:48:46",litium16,1,"#? Bienvenue chill stream ! NS2",2025-08-24T11:30:02Z,1,512998
"2025-08-24 13:48:46",Lukysuerah,2,"De retour Ã  la surface ! ( toujours avec une atÃ¨le )",2025-08-24T10:50:22Z,1,1981388235
"2025-08-24 13:53:46",litium16,1,"#? Bienvenue chill stream ! NS2",2025-08-24T11:30:02Z,1,512998
"2025-08-24 13:53:46",Lukysuerah,3,"De retour Ã  la surface ! ( toujours avec une atÃ¨le )",2025-08-24T10:50:22Z,1,1981388235
"2025-08-24 13:58:46",frost_mz_,1,"live decouverte zelda",2025-08-24T11:48:44Z,1,512998
"2025-08-24 13:58:46",litium16,1,"#? Bienvenue chill stream ! NS2",2025-08-24T11:30:02Z,2,512998
"2025-08-24 13:58:46",Lukysuerah,2,"De retour Ã  la surface ! ( toujours avec une atÃ¨le )",2025-08-24T10:50:22Z,1,1981388235
"2025-08-24 14:03:46",frost_mz_,1,"live decouverte zelda",2025-08-24T11:48:44Z,1,512998
"2025-08-24 14:03:46",litium16,1,"#? Bienvenue chill stream ! NS2",2025-08-24T11:30:02Z,2,512998
"2025-08-24 14:03:46",ddytte,1,"prÃ©paration avant le fight final de ce soir",2025-08-24T11:47:17Z,3,512998
"2025-08-24 14:03:46",Lukysuerah,2,"De retour Ã  la surface ! ( toujours avec une atÃ¨le )",2025-08-24T10:50:22Z,1,1981388235
"2025-08-24 14:08:46",ddytte,2,"prÃ©paration avant le fight final de ce soir",2025-08-24T11:47:17Z,1,512998
"2025-08-24 14:08:46",frost_mz_,1,"live decouverte zelda",2025-08-24T11:48:44Z,2,512998
"2025-08-24 14:08:46",litium16,1,"#? Bienvenue chill stream ! NS2",2025-08-24T11:30:02Z,3,512998
"2025-08-24 14:08:46",Lukysuerah,3,"De retour Ã  la surface ! ( toujours avec une atÃ¨le )",2025-08-24T10:50:22Z,1,1981388235
"2025-08-24 14:13:46",ddytte,4,"prÃ©paration avant le fight final de ce soir",2025-08-24T11:47:17Z,1,512998
"2025-08-24 14:13:46",frost_mz_,1,"live decouverte zelda",2025-08-24T11:48:44Z,2,512998
"2025-08-24 14:13:46",litium16,1,"#? Bienvenue chill stream ! NS2",2025-08-24T11:30:02Z,3,512998
"2025-08-24 14:13:46",Lukysuerah,3,"De retour Ã  la surface ! ( toujours avec une atÃ¨le )",2025-08-24T10:50:22Z,1,1981388235
"2025-08-24 14:18:46",ddytte,3,"prÃ©paration avant le fight final de ce soir",2025-08-24T11:47:17Z,1,512998
"2025-08-24 14:18:46",frost_mz_,1,"live decouverte zelda",2025-08-24T11:48:44Z,2,512998
"2025-08-24 14:18:46",litium16,1,"#? Bienvenue chill stream ! NS2",2025-08-24T11:30:02Z,3,512998
"2025-08-24 14:18:46",Lukysuerah,3,"De retour Ã  la surface ! ( toujours avec une atÃ¨le )",2025-08-24T10:50:22Z,1,1981388235
"2025-08-24 14:23:46",ddytte,3,"prÃ©paration avant le fight final de ce soir",2025-08-24T11:47:17Z,1,512998
"2025-08-24 14:23:46",frost_mz_,1,"live decouverte zelda",2025-08-24T11:48:44Z,2,512998
"2025-08-24 14:23:46",litium16,1,"#? Bienvenue chill stream ! NS2",2025-08-24T11:30:02Z,3,512998
"2025-08-24 14:23:46",Lukysuerah,4,"De retour Ã  la surface ! ( toujours avec une atÃ¨le )",2025-08-24T10:50:22Z,1,1981388235
"2025-08-24 14:28:46",ddytte,3,"prÃ©paration avant le fight final de ce soir",2025-08-24T11:47:17Z,1,512998
"2025-08-24 14:28:46",frost_mz_,1,"live decouverte zelda",2025-08-24T11:48:44Z,2,512998
"2025-08-24 14:28:46",litium16,1,"#? Bienvenue chill stream ! NS2",2025-08-24T11:30:02Z,3,512998
"2025-08-24 14:28:46",Lukysuerah,4,"De retour Ã  la surface ! ( toujours avec une atÃ¨le )",2025-08-24T10:50:22Z,1,1981388235
"2025-08-24 14:33:46",ddytte,4,"prÃ©paration avant le fight final de ce soir",2025-08-24T11:47:17Z,1,512998
"2025-08-24 14:33:46",frost_mz_,1,"live decouverte zelda",2025-08-24T11:48:44Z,2,512998
"2025-08-24 14:33:46",litium16,1,"#? Bienvenue chill stream ! NS2",2025-08-24T11:30:02Z,3,512998
"2025-08-24 14:33:46",Lukysuerah,4,"De retour Ã  la surface ! ( toujours avec une atÃ¨le )",2025-08-24T10:50:22Z,1,1981388235
"2025-08-24 14:38:46",ddytte,4,"prÃ©paration avant le fight final de ce soir",2025-08-24T11:47:17Z,1,512998
"2025-08-24 14:38:46",frost_mz_,1,"live decouverte zelda",2025-08-24T11:48:44Z,2,512998
"2025-08-24 14:38:46",litium16,1,"#? Bienvenue chill stream ! NS2",2025-08-24T11:30:02Z,3,512998
"2025-08-24 14:38:46",Lukysuerah,4,"De retour Ã  la surface ! ( toujours avec une atÃ¨le )",2025-08-24T10:50:22Z,1,1981388235
"2025-08-24 14:43:46",ddytte,4,"prÃ©paration avant le fight final de ce soir",2025-08-24T11:47:17Z,1,512998
"2025-08-24 14:43:46",frost_mz_,1,"live decouverte zelda",2025-08-24T11:48:44Z,2,512998
"2025-08-24 14:43:46",litium16,1,"#? Bienvenue chill stream ! NS2",2025-08-24T11:30:02Z,3,512998
"2025-08-24 14:43:46",Franck_Hyuga,1,"Dimanche Chill of the Kingdom/Objectif 100%",2025-08-24T12:38:45Z,4,512998
"2025-08-24 14:43:46",Lukysuerah,5,"De retour Ã  la surface ! ( toujours avec une atÃ¨le )",2025-08-24T10:50:22Z,1,1981388235
"2025-08-24 14:48:46",ddytte,4,"prÃ©paration avant le fight final de ce soir",2025-08-24T11:47:17Z,1,512998
"2025-08-24 14:48:46",Franck_Hyuga,2,"Dimanche Chill of the Kingdom/Objectif 100%",2025-08-24T12:38:45Z,2,512998
"2025-08-24 14:48:46",frost_mz_,1,"live decouverte zelda",2025-08-24T11:48:44Z,3,512998
"2025-08-24 14:48:46",litium16,1,"#? Bienvenue chill stream ! NS2",2025-08-24T11:30:02Z,4,512998
"2025-08-24 14:48:46",Lukysuerah,6,"De retour Ã  la surface ! ( toujours avec une atÃ¨le )",2025-08-24T10:50:22Z,1,1981388235
"2025-08-24 14:53:46",ddytte,4,"prÃ©paration avant le fight final de ce soir",2025-08-24T11:47:17Z,1,512998
"2025-08-24 14:53:46",Franck_Hyuga,3,"Dimanche Chill of the Kingdom/Objectif 100%",2025-08-24T12:38:45Z,2,512998
"2025-08-24 14:53:46",frost_mz_,1,"live decouverte zelda",2025-08-24T11:48:44Z,3,512998
"2025-08-24 14:53:46",litium16,1,"#? Bienvenue chill stream ! NS2",2025-08-24T11:30:02Z,4,512998
"2025-08-24 14:53:46",Lukysuerah,7,"De retour Ã  la surface ! ( toujours avec une atÃ¨le )",2025-08-24T10:50:22Z,1,1981388235
"2025-08-24 14:58:46",ddytte,4,"prÃ©paration avant le fight final de ce soir",2025-08-24T11:47:17Z,1,512998
"2025-08-24 14:58:46",Franck_Hyuga,3,"Dimanche Chill of the Kingdom/Objectif 100%",2025-08-24T12:38:45Z,2,512998
"2025-08-24 14:58:46",frost_mz_,1,"live decouverte zelda",2025-08-24T11:48:44Z,3,512998
"2025-08-24 14:58:46",litium16,1,"#? Bienvenue chill stream ! NS2",2025-08-24T11:30:02Z,4,512998
"2025-08-24 14:58:46",Lukysuerah,6,"De retour Ã  la surface ! ( toujours avec une atÃ¨le )",2025-08-24T10:50:22Z,1,1981388235
"2025-08-24 15:03:46",ddytte,5,"prÃ©paration avant le fight final de ce soir",2025-08-24T11:47:17Z,1,512998
"2025-08-24 15:03:46",Franck_Hyuga,3,"Dimanche Chill of the Kingdom/Objectif 100%",2025-08-24T12:38:45Z,2,512998
"2025-08-24 15:03:46",frost_mz_,1,"live decouverte zelda",2025-08-24T11:48:44Z,3,512998
"2025-08-24 15:03:46",litium16,1,"#? Bienvenue chill stream ! NS2",2025-08-24T11:30:02Z,4,512998
"2025-08-24 15:03:46",Lukysuerah,5,"De retour Ã  la surface ! ( toujours avec une atÃ¨le )",2025-08-24T10:50:22Z,1,1981388235
"2025-08-24 15:08:46",ddytte,3,"prÃ©paration avant le fight final de ce soir",2025-08-24T11:47:17Z,1,512998
"2025-08-24 15:08:46",Franck_Hyuga,3,"Dimanche Chill of the Kingdom/Objectif 100%",2025-08-24T12:38:45Z,2,512998
"2025-08-24 15:08:46",frost_mz_,2,"live decouverte zelda",2025-08-24T11:48:44Z,3,512998
"2025-08-24 15:08:46",litium16,1,"#? Bienvenue chill stream ! NS2",2025-08-24T11:30:02Z,4,512998
"2025-08-24 15:08:46",Lukysuerah,5,"De retour Ã  la surface ! ( toujours avec une atÃ¨le )",2025-08-24T10:50:22Z,1,1981388235
"2025-08-24 15:13:46",Franck_Hyuga,4,"Dimanche Chill of the Kingdom/Objectif 100%",2025-08-24T12:38:45Z,1,512998
"2025-08-24 15:13:46",ddytte,3,"prÃ©paration avant le fight final de ce soir",2025-08-24T11:47:17Z,2,512998
"2025-08-24 15:13:46",frost_mz_,2,"live decouverte zelda",2025-08-24T11:48:44Z,3,512998
"2025-08-24 15:13:46",litium16,1,"#? Bienvenue chill stream ! NS2",2025-08-24T11:30:02Z,4,512998
"2025-08-24 15:13:46",Lukysuerah,5,"De retour Ã  la surface ! ( toujours avec une atÃ¨le )",2025-08-24T10:50:22Z,1,1981388235
"2025-08-24 15:18:46",Franck_Hyuga,3,"Dimanche Chill of the Kingdom/Objectif 100%",2025-08-24T12:38:45Z,1,512998
"2025-08-24 15:18:46",ddytte,3,"prÃ©paration avant le fight final de ce soir",2025-08-24T11:47:17Z,2,512998
"2025-08-24 15:18:46",frost_mz_,1,"live decouverte zelda",2025-08-24T11:48:44Z,3,512998
"2025-08-24 15:18:46",litium16,1,"#? Bienvenue chill stream ! NS2",2025-08-24T11:30:02Z,4,512998
"2025-08-24 15:18:46",Lukysuerah,6,"De retour Ã  la surface ! ( toujours avec une atÃ¨le )",2025-08-24T10:50:22Z,1,1981388235
"2025-08-24 15:23:46",Franck_Hyuga,3,"Dimanche Chill of the Kingdom/Objectif 100%",2025-08-24T12:38:45Z,1,512998
"2025-08-24 15:23:46",frost_mz_,1,"live decouverte zelda",2025-08-24T11:48:44Z,2,512998
"2025-08-24 15:23:46",litium16,1,"#? Bienvenue chill stream ! NS2",2025-08-24T11:30:02Z,3,512998
"2025-08-24 15:23:46",Lukysuerah,5,"De retour Ã  la surface ! ( toujours avec une atÃ¨le )",2025-08-24T10:50:22Z,1,1981388235
"2025-08-24 15:28:46",Franck_Hyuga,3,"Dimanche Chill of the Kingdom/Objectif 100%",2025-08-24T12:38:45Z,1,512998
"2025-08-24 15:28:46",litium16,2,"#? Bienvenue chill stream ! NS2",2025-08-24T11:30:02Z,2,512998
"2025-08-24 15:28:46",Lukysuerah,4,"De retour Ã  la surface ! ( toujours avec une atÃ¨le )",2025-08-24T10:50:22Z,1,1981388235
"2025-08-24 15:33:46",Franck_Hyuga,4,"Dimanche Chill of the Kingdom/Objectif 100%",2025-08-24T12:38:45Z,1,512998
"2025-08-24 15:33:46",litium16,2,"#? Bienvenue chill stream ! NS2",2025-08-24T11:30:02Z,2,512998
"2025-08-24 15:33:46",Lukysuerah,4,"De retour Ã  la surface ! ( toujours avec une atÃ¨le )",2025-08-24T10:50:22Z,1,1981388235
"2025-08-24 15:38:46",Franck_Hyuga,3,"Dimanche Chill of the Kingdom/Objectif 100%",2025-08-24T12:38:45Z,1,512998
"2025-08-24 15:38:46",litium16,2,"#? Bienvenue chill stream ! NS2",2025-08-24T11:30:02Z,2,512998
"2025-08-24 15:38:46",Lukysuerah,5,"De retour Ã  la surface ! ( toujours avec une atÃ¨le )",2025-08-24T10:50:22Z,1,1981388235
"2025-08-24 15:43:46",Franck_Hyuga,3,"Dimanche Chill of the Kingdom/Objectif 100%",2025-08-24T12:38:45Z,1,512998
"2025-08-24 15:43:46",litium16,1,"#? Bienvenue chill stream ! NS2",2025-08-24T11:30:02Z,2,512998
"2025-08-24 15:43:46",Lukysuerah,4,"De retour Ã  la surface ! ( toujours avec une atÃ¨le )",2025-08-24T10:50:22Z,1,1981388235
"2025-08-24 15:48:46",Franck_Hyuga,3,"Dimanche Chill of the Kingdom/Objectif 100%",2025-08-24T12:38:45Z,1,512998
"2025-08-24 15:48:46",litium16,2,"#? Bienvenue chill stream ! NS2",2025-08-24T11:30:02Z,2,512998
"2025-08-24 15:48:46",Lukysuerah,3,"De retour Ã  la surface ! ( toujours avec une atÃ¨le )",2025-08-24T10:50:22Z,1,1981388235
"2025-08-24 15:53:46",Franck_Hyuga,4,"Dimanche Chill of the Kingdom/Objectif 100%",2025-08-24T12:38:45Z,1,512998
"2025-08-24 15:53:46",litium16,1,"#? Bienvenue chill stream ! NS2",2025-08-24T11:30:02Z,2,512998
"2025-08-24 15:53:46",Lukysuerah,4,"De retour Ã  la surface ! ( toujours avec une atÃ¨le )",2025-08-24T10:50:22Z,1,1981388235
"2025-08-24 15:58:46",Franck_Hyuga,3,"Dimanche Chill of the Kingdom/Objectif 100%",2025-08-24T12:38:45Z,1,512998
"2025-08-24 15:58:46",litium16,1,"#? Bienvenue chill stream ! NS2",2025-08-24T11:30:02Z,2,512998
"2025-08-24 15:58:46",Lukysuerah,4,"De retour Ã  la surface ! ( toujours avec une atÃ¨le )",2025-08-24T10:50:22Z,1,1981388235
"2025-08-24 16:03:46",Franck_Hyuga,3,"Dimanche Chill of the Kingdom/Objectif 100%",2025-08-24T12:38:45Z,1,512998
"2025-08-24 16:03:46",litium16,2,"#? Bienvenue chill stream ! NS2",2025-08-24T11:30:02Z,2,512998
"2025-08-24 16:03:46",Lukysuerah,5,"De retour Ã  la surface ! ( toujours avec une atÃ¨le )",2025-08-24T10:50:22Z,1,1981388235
"2025-08-24 16:08:46",Franck_Hyuga,4,"Dimanche Chill of the Kingdom/Objectif 100%",2025-08-24T12:38:45Z,1,512998
"2025-08-24 16:08:46",litium16,3,"#? Bienvenue chill stream ! NS2",2025-08-24T11:30:02Z,2,512998
"2025-08-24 16:08:46",Piizzii,1,"[Zelda TOTK] DÃ©couverte - La balade qui rÃ©gale ! (Switch 2)",2025-08-24T14:00:10Z,3,512998
"2025-08-24 16:08:46",Lukysuerah,6,"De retour Ã  la surface ! ( toujours avec une atÃ¨le )",2025-08-24T10:50:22Z,1,1981388235
"2025-08-24 16:13:46",Franck_Hyuga,3,"Dimanche Chill of the Kingdom/Objectif 100%",2025-08-24T12:38:45Z,1,512998
"2025-08-24 16:13:46",litium16,2,"#? Bienvenue chill stream ! NS2",2025-08-24T11:30:02Z,2,512998
"2025-08-24 16:13:46",Piizzii,1,"[Zelda TOTK] DÃ©couverte - La balade qui rÃ©gale ! (Switch 2)",2025-08-24T14:00:10Z,3,512998
"2025-08-24 16:13:46",Lukysuerah,7,"De retour Ã  la surface ! ( toujours avec une atÃ¨le )",2025-08-24T10:50:22Z,1,1981388235
"2025-08-24 16:18:46",Franck_Hyuga,3,"Dimanche Chill of the Kingdom/Objectif 100%",2025-08-24T12:38:45Z,1,512998
"2025-08-24 16:18:46",litium16,2,"#? Bienvenue chill stream ! NS2",2025-08-24T11:30:02Z,2,512998
"2025-08-24 16:18:46",Piizzii,2,"[Zelda TOTK] DÃ©couverte - La balade qui rÃ©gale ! (Switch 2)",2025-08-24T14:00:10Z,3,512998
"2025-08-24 16:18:46",Lukysuerah,6,"De retour Ã  la surface ! ( toujours avec une atÃ¨le )",2025-08-24T10:50:22Z,1,1981388235
"2025-08-24 16:23:46",Franck_Hyuga,3,"Dimanche Chill of the Kingdom/Objectif 100%",2025-08-24T12:38:45Z,1,512998
"2025-08-24 16:23:46",Piizzii,3,"[Zelda TOTK] DÃ©couverte - La balade qui rÃ©gale ! (Switch 2)",2025-08-24T14:00:10Z,2,512998
"2025-08-24 16:23:46",Lukysuerah,5,"De retour Ã  la surface ! ( toujours avec une atÃ¨le )",2025-08-24T10:50:22Z,1,1981388235
"2025-08-24 16:28:46",Franck_Hyuga,3,"Dimanche Chill of the Kingdom/Objectif 100%",2025-08-24T12:38:45Z,1,512998
"2025-08-24 16:28:46",Piizzii,2,"[Zelda TOTK] DÃ©couverte - La balade qui rÃ©gale ! (Switch 2)",2025-08-24T14:00:10Z,2,512998
"2025-08-24 16:28:46",Blutchhhh,1,"THE SECOND QUEST #3[60 FPS] !tiktok !discord!tiktok !discord",2025-08-24T12:50:53Z,3,512998
"2025-08-24 16:28:46",Lukysuerah,5,"De retour Ã  la surface ! ( toujours avec une atÃ¨le )",2025-08-24T10:50:22Z,1,1981388235
"2025-08-24 16:33:46",Franck_Hyuga,3,"Dimanche Chill of the Kingdom/Objectif 100%",2025-08-24T12:38:45Z,1,512998
"2025-08-24 16:33:46",Blutchhhh,2,"THE SECOND QUEST #3[60 FPS] !tiktok !discord!tiktok !discord",2025-08-24T12:50:53Z,2,512998
"2025-08-24 16:33:46",Piizzii,1,"[Zelda TOTK] DÃ©couverte - La balade qui rÃ©gale ! (Switch 2)",2025-08-24T14:00:10Z,3,512998
"2025-08-24 16:33:46",Lukysuerah,4,"De retour Ã  la surface ! ( toujours avec une atÃ¨le )",2025-08-24T10:50:22Z,1,1981388235
"2025-08-24 16:38:46",Khenael,14,Zeldimanche,2025-08-24T14:26:41Z,1,512998
"2025-08-24 16:38:46",Franck_Hyuga,3,"Dimanche Chill of the Kingdom/Objectif 100%",2025-08-24T12:38:45Z,2,512998
"2025-08-24 16:38:46",Blutchhhh,2,"THE SECOND QUEST #3[60 FPS] !tiktok !discord!tiktok !discord",2025-08-24T12:50:53Z,3,512998
"2025-08-24 16:38:46",Piizzii,1,"[Zelda TOTK] DÃ©couverte - La balade qui rÃ©gale ! (Switch 2)",2025-08-24T14:00:10Z,4,512998
"2025-08-24 16:38:46",Lukysuerah,4,"De retour Ã  la surface ! ( toujours avec une atÃ¨le )",2025-08-24T10:50:22Z,1,1981388235
"2025-08-24 16:43:46",Khenael,15,Zeldimanche,2025-08-24T14:26:41Z,1,512998
"2025-08-24 16:43:46",Franck_Hyuga,3,"Dimanche Chill of the Kingdom/Objectif 100%",2025-08-24T12:38:45Z,2,512998
"2025-08-24 16:43:46",Blutchhhh,2,"THE SECOND QUEST #3[60 FPS] !tiktok !discord!tiktok !discord",2025-08-24T12:50:53Z,3,512998
"2025-08-24 16:43:46",Piizzii,1,"[Zelda TOTK] DÃ©couverte - La balade qui rÃ©gale ! (Switch 2)",2025-08-24T14:00:10Z,4,512998
"2025-08-24 16:43:46",Lukysuerah,5,"De retour Ã  la surface ! ( toujours avec une atÃ¨le )",2025-08-24T10:50:22Z,1,1981388235
"2025-08-24 16:48:46",Khenael,21,Zeldimanche,2025-08-24T14:26:41Z,1,512998
"2025-08-24 16:48:46",Franck_Hyuga,3,"Dimanche Chill of the Kingdom/Objectif 100%",2025-08-24T12:38:45Z,2,512998
"2025-08-24 16:48:46",Blutchhhh,2,"THE SECOND QUEST #3[60 FPS] !tiktok !discord!tiktok !discord",2025-08-24T12:50:53Z,3,512998
"2025-08-24 16:48:46",Piizzii,1,"[Zelda TOTK] DÃ©couverte - La balade qui rÃ©gale ! (Switch 2)",2025-08-24T14:00:10Z,4,512998
"2025-08-24 16:48:46",Lukysuerah,5,"De retour Ã  la surface ! ( toujours avec une atÃ¨le )",2025-08-24T10:50:22Z,1,1981388235
"2025-08-24 16:53:46",Khenael,22,Zeldimanche,2025-08-24T14:26:41Z,1,512998
"2025-08-24 16:53:46",Franck_Hyuga,3,"Dimanche Chill of the Kingdom/Objectif 100%",2025-08-24T12:38:45Z,2,512998
"2025-08-24 16:53:46",Piizzii,2,"[Zelda TOTK] DÃ©couverte - La balade qui rÃ©gale ! (Switch 2)",2025-08-24T14:00:10Z,3,512998
"2025-08-24 16:53:46",Feratusno,1,"UN SEMI-NOOB SUR TOTK / FR - balade en HÃ©bra",2025-08-24T14:28:44Z,4,512998
"2025-08-24 16:53:46",Blutchhhh,1,"THE SECOND QUEST #3[60 FPS] !tiktok !discord!tiktok !discord",2025-08-24T12:50:53Z,5,512998
"2025-08-24 16:53:46",Lukysuerah,6,"De retour Ã  la surface ! ( toujours avec une atÃ¨le )",2025-08-24T10:50:22Z,1,1981388235
"2025-08-24 16:58:46",Khenael,26,Zeldimanche,2025-08-24T14:26:41Z,1,512998
"2025-08-24 16:58:46",Franck_Hyuga,3,"Dimanche Chill of the Kingdom/Objectif 100%",2025-08-24T12:38:45Z,2,512998
"2025-08-24 16:58:46",Piizzii,2,"[Zelda TOTK] DÃ©couverte - La balade qui rÃ©gale ! (Switch 2)",2025-08-24T14:00:10Z,3,512998
"2025-08-24 16:58:46",Feratusno,1,"UN SEMI-NOOB SUR TOTK / FR - balade en HÃ©bra",2025-08-24T14:28:44Z,4,512998
"2025-08-24 16:58:46",Blutchhhh,1,"THE SECOND QUEST #3[60 FPS] !tiktok !discord!tiktok !discord",2025-08-24T12:50:53Z,5,512998
"2025-08-24 16:58:46",Lukysuerah,7,"De retour Ã  la surface ! ( toujours avec une atÃ¨le )",2025-08-24T10:50:22Z,1,1981388235
"2025-08-24 17:03:46",Khenael,27,Zeldimanche,2025-08-24T14:26:41Z,1,512998
"2025-08-24 17:03:46",Franck_Hyuga,3,"Dimanche Chill of the Kingdom/Objectif 100%",2025-08-24T12:38:45Z,2,512998
"2025-08-24 17:03:46",Piizzii,2,"[Zelda TOTK] DÃ©couverte - La balade qui rÃ©gale ! (Switch 2)",2025-08-24T14:00:10Z,3,512998
"2025-08-24 17:03:46",Feratusno,1,"UN SEMI-NOOB SUR TOTK / FR - balade en HÃ©bra",2025-08-24T14:28:44Z,4,512998
"2025-08-24 17:03:46",Lukysuerah,7,"De retour Ã  la surface ! ( toujours avec une atÃ¨le )",2025-08-24T10:50:22Z,1,1981388235
"2025-08-24 17:08:46",Khenael,25,Zeldimanche,2025-08-24T14:26:41Z,1,512998
"2025-08-24 17:08:46",Franck_Hyuga,3,"Dimanche Chill of the Kingdom/Objectif 100%",2025-08-24T12:38:45Z,2,512998
"2025-08-24 17:08:46",Piizzii,2,"[Zelda TOTK] DÃ©couverte - La balade qui rÃ©gale ! (Switch 2)",2025-08-24T14:00:10Z,3,512998
"2025-08-24 17:08:46",Feratusno,1,"UN SEMI-NOOB SUR TOTK / FR - balade en HÃ©bra",2025-08-24T14:28:44Z,4,512998
"2025-08-24 17:08:46",Lukysuerah,7,"De retour Ã  la surface ! ( toujours avec une atÃ¨le )",2025-08-24T10:50:22Z,1,1981388235
"2025-08-24 17:13:46",Khenael,25,Zeldimanche,2025-08-24T14:26:41Z,1,512998
"2025-08-24 17:13:46",Franck_Hyuga,4,"Dimanche Chill of the Kingdom/Objectif 100%",2025-08-24T12:38:45Z,2,512998
"2025-08-24 17:13:46",Piizzii,2,"[Zelda TOTK] DÃ©couverte - La balade qui rÃ©gale ! (Switch 2)",2025-08-24T14:00:10Z,3,512998
"2025-08-24 17:13:46",Feratusno,1,"UN SEMI-NOOB SUR TOTK / FR - en direction du mode empreinte",2025-08-24T14:28:44Z,4,512998
"2025-08-24 17:18:46",Khenael,27,Zeldimanche,2025-08-24T14:26:41Z,1,512998
"2025-08-24 17:18:46",Franck_Hyuga,4,"Dimanche Chill of the Kingdom/Objectif 100%",2025-08-24T12:38:45Z,2,512998
"2025-08-24 17:18:46",Piizzii,1,"[Zelda TOTK] DÃ©couverte - La balade qui rÃ©gale ! (Switch 2)",2025-08-24T14:00:10Z,3,512998
"2025-08-24 17:18:46",Feratusno,1,"UN SEMI-NOOB SUR TOTK / FR - en direction du mode empreinte",2025-08-24T14:28:44Z,4,512998
"2025-08-24 17:23:46",Khenael,27,Zeldimanche,2025-08-24T14:26:41Z,1,512998
"2025-08-24 17:23:46",Franck_Hyuga,5,"Dimanche Chill of the Kingdom/Objectif 100%",2025-08-24T12:38:45Z,2,512998
"2025-08-24 17:23:46",Piizzii,1,"[Zelda TOTK] DÃ©couverte - La balade qui rÃ©gale ! (Switch 2)",2025-08-24T14:00:10Z,3,512998
"2025-08-24 17:28:46",Khenael,26,Zeldimanche,2025-08-24T14:26:41Z,1,512998
"2025-08-24 17:28:46",Franck_Hyuga,5,"Dimanche Chill of the Kingdom/Objectif 100%",2025-08-24T12:38:45Z,2,512998
"2025-08-24 17:28:46",Piizzii,1,"[Zelda TOTK] DÃ©couverte - La balade qui rÃ©gale ! (Switch 2)",2025-08-24T14:00:10Z,3,512998
"2025-08-24 17:33:46",Khenael,28,Zeldimanche,2025-08-24T14:26:41Z,1,512998
"2025-08-24 17:33:46",Franck_Hyuga,4,"Dimanche Chill of the Kingdom/Objectif 100%",2025-08-24T12:38:45Z,2,512998
"2025-08-24 17:33:46",Piizzii,1,"[Zelda TOTK] DÃ©couverte - La balade qui rÃ©gale ! (Switch 2)",2025-08-24T14:00:10Z,3,512998
"2025-08-24 17:38:46",Khenael,28,Zeldimanche,2025-08-24T14:26:41Z,1,512998
"2025-08-24 17:38:46",Franck_Hyuga,4,"Dimanche Chill of the Kingdom/Objectif 100%",2025-08-24T12:38:45Z,2,512998
"2025-08-24 17:38:46",Piizzii,2,"[Zelda TOTK] DÃ©couverte - La balade qui rÃ©gale ! (Switch 2)",2025-08-24T14:00:10Z,3,512998
"2025-08-24 17:43:46",Khenael,27,Zeldimanche,2025-08-24T14:26:41Z,1,512998
"2025-08-24 17:43:46",Franck_Hyuga,4,"Dimanche Chill of the Kingdom/Objectif 100%",2025-08-24T12:38:45Z,2,512998
"2025-08-24 17:43:46",Piizzii,4,"[Zelda TOTK] DÃ©couverte - La balade qui rÃ©gale ! (Switch 2)",2025-08-24T14:00:10Z,3,512998
"2025-08-24 17:48:46",Khenael,28,Zeldimanche,2025-08-24T14:26:41Z,1,512998
"2025-08-24 17:48:46",Franck_Hyuga,4,"Dimanche Chill of the Kingdom/Objectif 100%",2025-08-24T12:38:45Z,2,512998
"2025-08-24 17:48:46",Piizzii,3,"[Zelda TOTK] DÃ©couverte - La balade qui rÃ©gale ! (Switch 2)",2025-08-24T14:00:10Z,3,512998
"2025-08-24 17:53:46",Khenael,31,Zeldimanche,2025-08-24T14:26:41Z,1,512998
"2025-08-24 17:53:46",Franck_Hyuga,4,"Dimanche Chill of the Kingdom/Objectif 100%",2025-08-24T12:38:45Z,2,512998
"2025-08-24 17:53:46",Faelhytv,2,"Tavern Time! Zelda TOTK! [FR/EN]",2025-08-24T15:43:27Z,3,512998
"2025-08-24 17:53:46",Piizzii,1,"[Zelda TOTK] DÃ©couverte - La balade qui rÃ©gale ! (Switch 2)",2025-08-24T14:00:10Z,4,512998
"2025-08-24 17:58:46",Khenael,51,Zeldimanche,2025-08-24T14:26:41Z,1,512998
"2025-08-24 17:58:46",Franck_Hyuga,4,"Dimanche Chill of the Kingdom/Objectif 100%",2025-08-24T12:38:45Z,2,512998
"2025-08-24 17:58:46",Anttoune,3,"Zelda TOTK sans RIEN ramasser !!?",2025-08-24T15:51:16Z,3,512998
"2025-08-24 17:58:46",Faelhytv,2,"Tavern Time! Zelda TOTK! [FR/EN]",2025-08-24T15:43:27Z,4,512998
"2025-08-24 17:58:46",Piizzii,1,"[Zelda TOTK] DÃ©couverte - La balade qui rÃ©gale ! (Switch 2)",2025-08-24T14:00:10Z,5,512998
"2025-08-24 18:03:46",Khenael,37,Zeldimanche,2025-08-24T14:26:41Z,1,512998
"2025-08-24 18:03:46",Franck_Hyuga,4,"Dimanche Chill of the Kingdom/Objectif 100%",2025-08-24T12:38:45Z,2,512998
"2025-08-24 18:03:46",Anttoune,2,"Zelda TOTK sans RIEN ramasser !!?",2025-08-24T15:51:16Z,3,512998
"2025-08-24 18:03:46",Faelhytv,2,"Tavern Time! Zelda TOTK! [FR/EN]",2025-08-24T15:43:27Z,4,512998
"2025-08-24 18:03:46",Piizzii,1,"[Zelda TOTK] DÃ©couverte - La balade qui rÃ©gale ! (Switch 2)",2025-08-24T14:00:10Z,5,512998
"2025-08-24 18:08:46",Khenael,39,Zeldimanche,2025-08-24T14:26:41Z,1,512998
"2025-08-24 18:08:46",Franck_Hyuga,4,"Dimanche Chill of the Kingdom/Objectif 100%",2025-08-24T12:38:45Z,2,512998
"2025-08-24 18:08:46",Shaurts,4,"Direction les gerudo !",2025-08-24T12:31:03Z,3,512998
"2025-08-24 18:08:46",Anttoune,3,"Zelda TOTK sans RIEN ramasser !!?",2025-08-24T15:51:16Z,4,512998
"2025-08-24 18:08:46",Faelhytv,2,"Tavern Time! Zelda TOTK! [FR/EN]",2025-08-24T15:43:27Z,5,512998
"2025-08-24 18:08:46",Piizzii,2,"[Zelda TOTK] DÃ©couverte - La balade qui rÃ©gale ! (Switch 2)",2025-08-24T14:00:10Z,6,512998
"2025-08-24 18:13:46",Khenael,42,Zeldimanche,2025-08-24T14:26:41Z,1,512998
"2025-08-24 18:13:46",Shaurts,4,"Direction les gerudo !",2025-08-24T12:31:03Z,2,512998
"2025-08-24 18:13:46",Anttoune,3,"Zelda TOTK sans RIEN ramasser !!?",2025-08-24T15:51:16Z,3,512998
"2025-08-24 18:13:46",Piizzii,2,"[Zelda TOTK] DÃ©couverte - La balade qui rÃ©gale ! (Switch 2)",2025-08-24T14:00:10Z,4,512998
"2025-08-24 18:13:46",Faelhytv,2,"Tavern Time! Zelda TOTK! [FR/EN]",2025-08-24T15:43:27Z,5,512998
"2025-08-24 18:18:46",Khenael,41,Zeldimanche,2025-08-24T14:26:41Z,1,512998
"2025-08-24 18:18:46",Shaurts,4,"Direction les gerudo !",2025-08-24T12:31:03Z,2,512998
"2025-08-24 18:18:46",Anttoune,3,"Zelda TOTK sans RIEN ramasser !!?",2025-08-24T15:51:16Z,3,512998
"2025-08-24 18:18:46",Piizzii,2,"[Zelda TOTK] DÃ©couverte - La balade qui rÃ©gale ! (Switch 2)",2025-08-24T14:00:10Z,4,512998
"2025-08-24 18:18:46",Faelhytv,2,"Tavern Time! Zelda TOTK! [FR/EN]",2025-08-24T15:43:27Z,5,512998
"2025-08-24 18:23:46",Khenael,41,Zeldimanche,2025-08-24T14:26:41Z,1,512998
"2025-08-24 18:23:46",Shaurts,4,"Direction les gerudo !",2025-08-24T12:31:03Z,2,512998
"2025-08-24 18:23:46",Anttoune,3,"Zelda TOTK sans RIEN ramasser !!?",2025-08-24T15:51:16Z,3,512998
"2025-08-24 18:23:46",Faelhytv,2,"Tavern Time! Zelda TOTK! [FR/EN]",2025-08-24T15:43:27Z,4,512998
"2025-08-24 18:28:46",Khenael,38,Zeldimanche,2025-08-24T14:26:41Z,1,512998
"2025-08-24 18:28:46",Shaurts,4,"Direction les gerudo !",2025-08-24T12:31:03Z,2,512998
"2025-08-24 18:28:46",Anttoune,3,"Zelda TOTK sans RIEN ramasser !!?",2025-08-24T15:51:16Z,3,512998
"2025-08-24 18:28:46",Faelhytv,2,"Tavern Time! Zelda TOTK! [FR/EN]",2025-08-24T15:43:27Z,4,512998
"2025-08-24 18:33:46",Khenael,37,Zeldimanche,2025-08-24T14:26:41Z,1,512998
"2025-08-24 18:33:46",Anttoune,5,"Zelda TOTK sans RIEN ramasser !!?",2025-08-24T15:51:16Z,2,512998
"2025-08-24 18:33:46",Shaurts,4,"Direction les gerudo !",2025-08-24T12:31:03Z,3,512998
"2025-08-24 18:33:46",Faelhytv,2,"Tavern Time! Zelda TOTK! [FR/EN]",2025-08-24T15:43:27Z,4,512998
"2025-08-24 18:38:46",Khenael,37,Zeldimanche,2025-08-24T14:26:41Z,1,512998
"2025-08-24 18:38:46",Shaurts,5,"Direction les gerudo !",2025-08-24T12:31:03Z,2,512998
"2025-08-24 18:38:46",Anttoune,4,"Zelda TOTK sans RIEN ramasser !!?",2025-08-24T15:51:16Z,3,512998
"2025-08-24 18:38:46",Faelhytv,2,"Tavern Time! Zelda TOTK! [FR/EN]",2025-08-24T15:43:27Z,4,512998
"2025-08-24 18:43:46",Khenael,39,Zeldimanche,2025-08-24T14:26:41Z,1,512998
"2025-08-24 18:43:46",Anttoune,6,"Zelda TOTK sans RIEN ramasser !!?",2025-08-24T15:51:16Z,2,512998
"2025-08-24 18:43:46",Shaurts,4,"Direction les gerudo !",2025-08-24T12:31:03Z,3,512998
"2025-08-24 18:43:46",Faelhytv,2,"Tavern Time! Zelda TOTK! [FR/EN]",2025-08-24T15:43:27Z,4,512998
"2025-08-24 18:48:46",Khenael,37,Zeldimanche,2025-08-24T14:26:41Z,1,512998
"2025-08-24 18:48:46",Shaurts,5,"Direction les gerudo !",2025-08-24T12:31:03Z,2,512998
"2025-08-24 18:48:46",Anttoune,3,"Zelda TOTK sans RIEN ramasser !!?",2025-08-24T15:51:16Z,3,512998
"2025-08-24 18:48:46",Faelhytv,2,"Tavern Time! Zelda TOTK! [FR/EN]",2025-08-24T15:43:27Z,4,512998
"2025-08-24 18:53:46",Khenael,35,Zeldimanche,2025-08-24T14:26:41Z,1,512998
"2025-08-24 18:53:46",Shaurts,5,"Direction les gerudo !",2025-08-24T12:31:03Z,2,512998
"2025-08-24 18:53:46",Anttoune,2,"Zelda TOTK sans RIEN ramasser !!?",2025-08-24T15:51:16Z,3,512998
"2025-08-24 18:53:46",Faelhytv,2,"Tavern Time! Zelda TOTK! [FR/EN]",2025-08-24T15:43:27Z,4,512998
"2025-08-24 18:58:46",Khenael,34,Zeldimanche,2025-08-24T14:26:41Z,1,512998
"2025-08-24 18:58:46",Shaurts,4,"Direction les gerudo !",2025-08-24T12:31:03Z,2,512998
"2025-08-24 18:58:46",Anttoune,2,"Zelda TOTK sans RIEN ramasser !!?",2025-08-24T15:51:16Z,3,512998
"2025-08-24 18:58:46",Faelhytv,2,"Tavern Time! Zelda TOTK! [FR/EN]",2025-08-24T15:43:27Z,4,512998
"2025-08-24 19:03:46",Khenael,38,Zeldimanche,2025-08-24T14:26:41Z,1,512998
"2025-08-24 19:03:46",Shaurts,4,"Direction les gerudo !",2025-08-24T12:31:03Z,2,512998
"2025-08-24 19:03:46",Anttoune,2,"Zelda TOTK sans RIEN ramasser !!?",2025-08-24T15:51:16Z,3,512998
"2025-08-24 19:03:46",Faelhytv,2,"Tavern Time! Zelda TOTK! [FR/EN]",2025-08-24T15:43:27Z,4,512998
"2025-08-24 19:08:46",Khenael,38,Zeldimanche,2025-08-24T14:26:41Z,1,512998
"2025-08-24 19:08:46",Shaurts,4,"Direction les gerudo !",2025-08-24T12:31:03Z,2,512998
"2025-08-24 19:08:46",Faelhytv,3,"Tavern Time! Zelda TOTK! [FR/EN]",2025-08-24T15:43:27Z,3,512998
"2025-08-24 19:08:46",Anttoune,2,"Zelda TOTK sans RIEN ramasser !!?",2025-08-24T15:51:16Z,4,512998
"2025-08-24 19:13:46",Khenael,37,Zeldimanche,2025-08-24T14:26:41Z,1,512998
"2025-08-24 19:13:46",Shaurts,4,"Direction les gerudo !",2025-08-24T12:31:03Z,2,512998
"2025-08-24 19:13:46",Faelhytv,2,"Tavern Time! Zelda TOTK! [FR/EN]",2025-08-24T15:43:27Z,3,512998
"2025-08-24 19:13:46",Anttoune,2,"Zelda TOTK sans RIEN ramasser !!?",2025-08-24T15:51:16Z,4,512998
"2025-08-24 19:18:46",Khenael,35,Zeldimanche,2025-08-24T14:26:41Z,1,512998
"2025-08-24 19:18:46",Shaurts,4,"Direction les gerudo !",2025-08-24T12:31:03Z,2,512998
"2025-08-24 19:18:46",Anttoune,2,"Zelda TOTK sans RIEN ramasser !!?",2025-08-24T15:51:16Z,3,512998
"2025-08-24 19:18:46",Faelhytv,2,"Tavern Time! Zelda TOTK! [FR/EN]",2025-08-24T15:43:27Z,4,512998
"2025-08-24 19:23:46",Khenael,36,Zeldimanche,2025-08-24T14:26:41Z,1,512998
"2025-08-24 19:23:46",Shaurts,4,"Direction les gerudo !",2025-08-24T12:31:03Z,2,512998
"2025-08-24 19:23:46",Faelhytv,2,"Tavern Time! Zelda TOTK! [FR/EN]",2025-08-24T15:43:27Z,3,512998
"2025-08-24 19:23:46",Anttoune,1,"Zelda TOTK sans RIEN ramasser !!?",2025-08-24T15:51:16Z,4,512998
"2025-08-24 19:28:46",Khenael,35,Zeldimanche,2025-08-24T14:26:41Z,1,512998
"2025-08-24 19:28:46",Shaurts,3,"Direction les gerudo !",2025-08-24T12:31:03Z,2,512998
"2025-08-24 19:28:46",Faelhytv,2,"Tavern Time! Zelda TOTK! [FR/EN]",2025-08-24T15:43:27Z,3,512998
"2025-08-24 19:28:46",Anttoune,2,"Zelda TOTK sans RIEN ramasser !!?",2025-08-24T15:51:16Z,4,512998
"2025-08-24 19:33:46",Khenael,34,Zeldimanche,2025-08-24T14:26:41Z,1,512998
"2025-08-24 19:33:46",Shaurts,3,"Direction les gerudo !",2025-08-24T12:31:03Z,2,512998
"2025-08-24 19:33:46",Faelhytv,2,"Tavern Time! Zelda TOTK! [FR/EN]",2025-08-24T15:43:27Z,3,512998
"2025-08-24 19:33:46",Anttoune,2,"Zelda TOTK sans RIEN ramasser !!?",2025-08-24T15:51:16Z,4,512998
"2025-08-24 19:38:46",Khenael,34,Zeldimanche,2025-08-24T14:26:41Z,1,512998
"2025-08-24 19:38:46",Shaurts,3,"Direction les gerudo !",2025-08-24T12:31:03Z,2,512998
"2025-08-24 19:38:46",Anttoune,2,"Zelda TOTK sans RIEN ramasser !!?",2025-08-24T15:51:16Z,3,512998
"2025-08-24 19:38:46",Faelhytv,2,"Tavern Time! Zelda TOTK! [FR/EN]",2025-08-24T15:43:27Z,4,512998
"2025-08-24 19:38:46",Ziakzam,1,"no reset totk any% run",2025-08-24T17:27:19Z,5,512998
"2025-08-24 19:43:46",Khenael,37,Zeldimanche,2025-08-24T14:26:41Z,1,512998
"2025-08-24 19:43:46",Shaurts,3,"Direction les gerudo !",2025-08-24T12:31:03Z,2,512998
"2025-08-24 19:43:46",Faelhytv,3,"Tavern Time! Zelda TOTK! [FR/EN]",2025-08-24T15:43:27Z,3,512998
"2025-08-24 19:43:46",Ziakzam,1,"no reset totk any% run",2025-08-24T17:27:19Z,4,512998
"2025-08-24 19:48:46",Khenael,34,Zeldimanche,2025-08-24T14:26:41Z,1,512998
"2025-08-24 19:48:46",Shaurts,3,"Direction les gerudo !",2025-08-24T12:31:03Z,2,512998
"2025-08-24 19:48:46",Faelhytv,2,"Tavern Time! Zelda TOTK! [FR/EN]",2025-08-24T15:43:27Z,3,512998
"2025-08-24 19:48:46",Ziakzam,1,"no reset totk any% run",2025-08-24T17:27:19Z,4,512998
"2025-08-24 19:53:46",Shaurts,3,"Direction les gerudo !",2025-08-24T12:31:03Z,1,512998
"2025-08-24 19:53:46",Faelhytv,2,"Tavern Time! Zelda TOTK! [FR/EN]",2025-08-24T15:43:27Z,2,512998
"2025-08-24 19:53:46",Ziakzam,1,"no reset totk any% run",2025-08-24T17:27:19Z,3,512998
"2025-08-24 19:58:46",Shaurts,4,"Direction les gerudo !",2025-08-24T12:31:03Z,1,512998
"2025-08-24 19:58:46",Faelhytv,2,"Tavern Time! Zelda TOTK! [FR/EN]",2025-08-24T15:43:27Z,2,512998
"2025-08-24 19:58:46",Ziakzam,1,"no reset totk any% run",2025-08-24T17:27:19Z,3,512998
"2025-08-24 20:03:46",Shaurts,5,"Direction les gerudo !",2025-08-24T12:31:03Z,1,512998
"2025-08-24 20:03:46",Faelhytv,2,"Tavern Time! Zelda TOTK! [FR/EN]",2025-08-24T15:43:27Z,2,512998
"2025-08-24 20:03:46",Ziakzam,1,"no reset totk any% run",2025-08-24T17:27:19Z,3,512998
"2025-08-24 20:08:46",Shaurts,4,"Direction les gerudo !",2025-08-24T12:31:03Z,1,512998
"2025-08-24 20:08:46",Faelhytv,2,"Tavern Time! Zelda TOTK! [FR/EN]",2025-08-24T15:43:27Z,2,512998
"2025-08-24 20:08:46",Ziakzam,1,"no reset totk any% run",2025-08-24T17:27:19Z,3,512998
"2025-08-24 20:08:46",Vyrionyx,1,"On se tente un 100% ?",2025-08-24T18:06:11Z,4,512998
"2025-08-24 20:13:46",Shaurts,5,"Direction les gerudo !",2025-08-24T12:31:03Z,1,512998
"2025-08-24 20:13:46",Faelhytv,2,"Tavern Time! Zelda TOTK! [FR/EN]",2025-08-24T15:43:27Z,2,512998
"2025-08-24 20:13:46",Vyrionyx,2,"On se tente un 100% ?",2025-08-24T18:06:11Z,3,512998
"2025-08-24 20:13:46",Ziakzam,1,"no reset totk any% run",2025-08-24T17:27:19Z,4,512998
"2025-08-24 20:13:46",Lukysuerah,4,"De retour Ã  la surface ! ( toujours avec une atÃ¨le )",2025-08-24T18:07:30Z,1,1981388235
"2025-08-24 20:18:46",Shaurts,4,"Direction les gerudo !",2025-08-24T12:31:03Z,1,512998
"2025-08-24 20:18:46",Vyrionyx,3,"On se tente un 100% ?",2025-08-24T18:06:11Z,2,512998
"2025-08-24 20:18:46",Faelhytv,2,"Tavern Time! Zelda TOTK! [FR/EN]",2025-08-24T15:43:27Z,3,512998
"2025-08-24 20:18:46",Ziakzam,2,"no reset totk any% run",2025-08-24T17:27:19Z,4,512998
"2025-08-24 20:18:46",Lukysuerah,4,"De retour Ã  la surface ! ( toujours avec une atÃ¨le )",2025-08-24T18:07:30Z,1,1981388235
"2025-08-24 20:23:46",Ziakzam,2,"no reset totk any% run",2025-08-24T17:27:19Z,1,512998
"2025-08-24 20:23:46",Faelhytv,2,"Tavern Time! Zelda TOTK! [FR/EN]",2025-08-24T15:43:27Z,2,512998
"2025-08-24 20:23:46",Vyrionyx,1,"On se tente un 100% ?",2025-08-24T18:06:11Z,3,512998
"2025-08-24 20:23:46",Lukysuerah,5,"De retour Ã  la surface ! ( toujours avec une atÃ¨le )",2025-08-24T18:07:30Z,1,1981388235
"2025-08-24 20:28:46",Vyrionyx,2,"On se tente un 100% ?",2025-08-24T18:06:11Z,1,512998
"2025-08-24 20:28:46",Faelhytv,2,"Tavern Time! Zelda TOTK! [FR/EN]",2025-08-24T15:43:27Z,2,512998
"2025-08-24 20:28:46",Ziakzam,1,"no reset totk any% run",2025-08-24T17:27:19Z,3,512998
"2025-08-24 20:28:46",Lukysuerah,6,"De retour Ã  la surface ! ( toujours avec une atÃ¨le )",2025-08-24T18:07:30Z,1,1981388235
"2025-08-24 20:33:46",Vyrionyx,2,"On se tente un 100% ?",2025-08-24T18:06:11Z,1,512998
"2025-08-24 20:33:46",DivineArsenic,2,"[FR/EN] ðŸ’« TOTK : j'essaie de comprendre le temple du feuðŸ’«",2025-08-24T18:20:30Z,2,512998
"2025-08-24 20:33:46",Faelhytv,2,"Tavern Time! Zelda TOTK! [FR/EN]",2025-08-24T15:43:27Z,3,512998
"2025-08-24 20:33:46",Ziakzam,1,"no reset totk any% run",2025-08-24T17:27:19Z,4,512998
"2025-08-24 20:33:46",Lukysuerah,7,"De retour Ã  la surface ! ( toujours avec une atÃ¨le )",2025-08-24T18:07:30Z,1,1981388235
"2025-08-24 20:38:46",DivineArsenic,4,"[FR/EN] ðŸ’« TOTK : j'essaie de comprendre le temple du feuðŸ’«",2025-08-24T18:20:30Z,1,512998
"2025-08-24 20:38:46",Ziakzam,2,"no reset totk any% run",2025-08-24T17:27:19Z,2,512998
"2025-08-24 20:38:46",Faelhytv,2,"Tavern Time! Zelda TOTK! [FR/EN]",2025-08-24T15:43:27Z,3,512998
"2025-08-24 20:38:46",Vyrionyx,1,"On se tente un 100% ?",2025-08-24T18:06:11Z,4,512998
"2025-08-24 20:38:46",Lukysuerah,6,"De retour Ã  la surface ! ( toujours avec une atÃ¨le )",2025-08-24T18:07:30Z,1,1981388235
"2025-08-24 20:43:46",Ziakzam,3,"no reset totk any% run",2025-08-24T17:27:19Z,1,512998
"2025-08-24 20:43:46",DivineArsenic,2,"[FR/EN] ðŸ’« TOTK : j'essaie de comprendre le temple du feuðŸ’«",2025-08-24T18:20:30Z,2,512998
"2025-08-24 20:43:46",Vyrionyx,2,"On se tente un 100% ?",2025-08-24T18:06:11Z,3,512998
"2025-08-24 20:43:46",Faelhytv,2,"Tavern Time! Zelda TOTK! [FR/EN]",2025-08-24T15:43:27Z,4,512998
"2025-08-24 20:43:46",ddytte,1,"Boss fight final ce soir va t'on rÃ©ussir ?",2025-08-24T18:39:55Z,5,512998
"2025-08-24 20:43:46",Lukysuerah,5,"De retour Ã  la surface ! ( toujours avec une atÃ¨le )",2025-08-24T18:07:30Z,1,1981388235
"2025-08-24 20:48:46",Ziakzam,3,"no reset totk any% run",2025-08-24T17:27:19Z,1,512998
"2025-08-24 20:48:46",ddytte,3,"Boss fight final ce soir va t'on rÃ©ussir ?",2025-08-24T18:39:55Z,2,512998
"2025-08-24 20:48:46",DivineArsenic,2,"[FR/EN] ðŸ’« TOTK : j'essaie de comprendre le temple du feuðŸ’«",2025-08-24T18:20:30Z,3,512998
"2025-08-24 20:48:46",Faelhytv,2,"Tavern Time! Zelda TOTK! [FR/EN]",2025-08-24T15:43:27Z,4,512998
"2025-08-24 20:48:46",Vyrionyx,1,"On se tente un 100% ?",2025-08-24T18:06:11Z,5,512998
"2025-08-24 20:48:46",Lukysuerah,5,"De retour Ã  la surface ! ( toujours avec une atÃ¨le )",2025-08-24T18:07:30Z,1,1981388235
"2025-08-24 20:53:46",ddytte,5,"Boss fight final ce soir va t'on rÃ©ussir ?",2025-08-24T18:39:55Z,1,512998
"2025-08-24 20:53:46",Ziakzam,4,"no reset totk any% run",2025-08-24T17:27:19Z,2,512998
"2025-08-24 20:53:46",DivineArsenic,2,"[FR/EN] ðŸ’« TOTK : j'essaie de comprendre le temple du feuðŸ’«",2025-08-24T18:20:30Z,3,512998
"2025-08-24 20:53:46",Faelhytv,2,"Tavern Time! Zelda TOTK! [FR/EN]",2025-08-24T15:43:27Z,4,512998
"2025-08-24 20:53:46",Vyrionyx,1,"On se tente un 100% ?",2025-08-24T18:06:11Z,5,512998
"2025-08-24 20:53:46",Lukysuerah,6,"De retour Ã  la surface ! ( toujours avec une atÃ¨le )",2025-08-24T18:07:30Z,1,1981388235
"2025-08-24 20:58:46",ddytte,5,"Boss fight final ce soir va t'on rÃ©ussir ?",2025-08-24T18:39:55Z,1,512998
"2025-08-24 20:58:46",DivineArsenic,3,"[FR/EN] ðŸ’« TOTK : j'essaie de comprendre le temple du feuðŸ’«",2025-08-24T18:20:30Z,2,512998
"2025-08-24 20:58:46",Faelhytv,2,"Tavern Time! Zelda TOTK! [FR/EN]",2025-08-24T15:43:27Z,3,512998
"2025-08-24 20:58:46",Ziakzam,1,"no reset totk any% run",2025-08-24T17:27:19Z,4,512998
"2025-08-24 20:58:46",Vyrionyx,1,"On se tente un 100% ?",2025-08-24T18:06:11Z,5,512998
"2025-08-24 20:58:46",Lukysuerah,7,"De retour Ã  la surface ! ( toujours avec une atÃ¨le )",2025-08-24T18:07:30Z,1,1981388235
"2025-08-24 21:03:46",ddytte,6,"Boss fight final ce soir va t'on rÃ©ussir ?",2025-08-24T18:39:55Z,1,512998
"2025-08-24 21:03:46",DivineArsenic,2,"[FR/EN] ðŸ’« TOTK : j'essaie de comprendre le temple du feuðŸ’«",2025-08-24T18:20:30Z,2,512998
"2025-08-24 21:03:46",Faelhytv,2,"Tavern Time! Zelda TOTK! [FR/EN]",2025-08-24T15:43:27Z,3,512998
"2025-08-24 21:03:46",Ziakzam,1,"no reset totk any% run",2025-08-24T17:27:19Z,4,512998
"2025-08-24 21:03:46",Vyrionyx,1,"On se tente un 100% ?",2025-08-24T18:06:11Z,5,512998
"2025-08-24 21:03:46",Lukysuerah,6,"De retour Ã  la surface ! ( toujours avec une atÃ¨le )",2025-08-24T18:07:30Z,1,1981388235
"2025-08-24 21:08:46",ddytte,5,"Boss fight final ce soir va t'on rÃ©ussir ?",2025-08-24T18:39:55Z,1,512998
"2025-08-24 21:08:46",DivineArsenic,3,"[FR/EN] ðŸ’« TOTK : j'essaie de comprendre le temple du feuðŸ’«",2025-08-24T18:20:30Z,2,512998
"2025-08-24 21:08:46",Faelhytv,2,"Tavern Time! Zelda TOTK! [FR/EN]",2025-08-24T15:43:27Z,3,512998
"2025-08-24 21:08:46",Ziakzam,2,"no reset totk any% run",2025-08-24T17:27:19Z,4,512998
"2025-08-24 21:08:46",Vyrionyx,1,"On se tente un 100% ?",2025-08-24T18:06:11Z,5,512998
"2025-08-24 21:08:46",Lukysuerah,6,"De retour Ã  la surface ! ( toujours avec une atÃ¨le )",2025-08-24T18:07:30Z,1,1981388235
"2025-08-24 21:13:46",Ziakzam,6,"no reset totk any% run",2025-08-24T17:27:19Z,1,512998
"2025-08-24 21:13:46",DivineArsenic,4,"[FR/EN] ðŸ’« TOTK : j'essaie de comprendre le temple du feuðŸ’«",2025-08-24T18:20:30Z,2,512998
"2025-08-24 21:13:46",ddytte,4,"Boss fight final ce soir va t'on rÃ©ussir ?",2025-08-24T18:39:55Z,3,512998
"2025-08-24 21:13:46",Vyrionyx,1,"On se tente un 100% ?",2025-08-24T18:06:11Z,4,512998
"2025-08-24 21:13:46",Faelhytv,1,"Tavern Time! Zelda TOTK! [FR/EN]",2025-08-24T15:43:27Z,5,512998
"2025-08-24 21:13:46",Lukysuerah,7,"De retour Ã  la surface ! ( toujours avec une atÃ¨le )",2025-08-24T18:07:30Z,1,1981388235
"2025-08-24 21:18:46",Ziakzam,6,"no reset totk any% run",2025-08-24T17:27:19Z,1,512998
"2025-08-24 21:18:46",DivineArsenic,6,"[FR/EN] ðŸ’« TOTK : j'essaie de comprendre le temple du feuðŸ’«",2025-08-24T18:20:30Z,2,512998
"2025-08-24 21:18:46",ddytte,4,"Boss fight final ce soir va t'on rÃ©ussir ?",2025-08-24T18:39:55Z,3,512998
"2025-08-24 21:18:46",Faelhytv,1,"Tavern Time! Zelda TOTK! [FR/EN]",2025-08-24T15:43:27Z,4,512998
"2025-08-24 21:18:46",Vyrionyx,1,"On se tente un 100% ?",2025-08-24T18:06:11Z,5,512998
"2025-08-24 21:18:46",Lukysuerah,4,"De retour Ã  la surface ! ( toujours avec une atÃ¨le )",2025-08-24T18:07:30Z,1,1981388235
"2025-08-24 21:23:46",DivineArsenic,5,"[FR/EN] ðŸ’« TOTK : j'essaie de comprendre le temple du feuðŸ’«",2025-08-24T18:20:30Z,1,512998
"2025-08-24 21:23:46",ddytte,4,"Boss fight final ce soir va t'on rÃ©ussir ?",2025-08-24T18:39:55Z,2,512998
"2025-08-24 21:23:46",Ziakzam,3,"no reset totk any% run",2025-08-24T17:27:19Z,3,512998
"2025-08-24 21:23:46",Vyrionyx,1,"On se tente un 100% ?",2025-08-24T18:06:11Z,4,512998
"2025-08-24 21:23:46",Faelhytv,1,"Tavern Time! Zelda TOTK! [FR/EN]",2025-08-24T15:43:27Z,5,512998
"2025-08-24 21:23:46",Lukysuerah,3,"De retour Ã  la surface ! ( toujours avec une atÃ¨le )",2025-08-24T18:07:30Z,1,1981388235
"2025-08-24 21:28:46",ddytte,5,"Boss fight final ce soir va t'on rÃ©ussir ?",2025-08-24T18:39:55Z,1,512998
"2025-08-24 21:28:46",DivineArsenic,4,"[FR/EN] ðŸ’« TOTK : j'essaie de comprendre le temple du feuðŸ’«",2025-08-24T18:20:30Z,2,512998
"2025-08-24 21:28:46",Ziakzam,3,"no reset totk any% run",2025-08-24T17:27:19Z,3,512998
"2025-08-24 21:28:46",Faelhytv,2,"Tavern Time! Zelda TOTK! [FR/EN]",2025-08-24T15:43:27Z,4,512998
"2025-08-24 21:28:46",Vyrionyx,1,"On se tente un 100% ?",2025-08-24T18:06:11Z,5,512998
"2025-08-24 21:28:46",Lukysuerah,4,"De retour Ã  la surface ! ( toujours avec une atÃ¨le )",2025-08-24T18:07:30Z,1,1981388235
"2025-08-24 21:33:46",ddytte,3,"Boss fight final ce soir va t'on rÃ©ussir ?",2025-08-24T18:39:55Z,1,512998
"2025-08-24 21:33:46",DivineArsenic,2,"[FR/EN] ðŸ’« TOTK : j'essaie de comprendre le temple du feuðŸ’«",2025-08-24T18:20:30Z,2,512998
"2025-08-24 21:33:46",Faelhytv,2,"Tavern Time! Zelda TOTK! [FR/EN]",2025-08-24T15:43:27Z,3,512998
"2025-08-24 21:33:46",Vyrionyx,1,"On se tente un 100% ?",2025-08-24T18:06:11Z,4,512998
"2025-08-24 21:33:46",Lukysuerah,5,"De retour Ã  la surface ! ( toujours avec une atÃ¨le )",2025-08-24T18:07:30Z,1,1981388235
"2025-08-24 21:38:46",DivineArsenic,4,"[FR/EN] ðŸ’« TOTK : j'essaie de comprendre le temple du feuðŸ’«",2025-08-24T18:20:30Z,1,512998
"2025-08-24 21:38:46",ddytte,3,"Boss fight final ce soir va t'on rÃ©ussir ?",2025-08-24T18:39:55Z,2,512998
"2025-08-24 21:38:46",Faelhytv,2,"Tavern Time! Zelda TOTK! [FR/EN]",2025-08-24T15:43:27Z,3,512998
"2025-08-24 21:38:46",Vyrionyx,1,"On se tente un 100% ?",2025-08-24T18:06:11Z,4,512998
"2025-08-24 21:38:46",Lukysuerah,6,"De retour Ã  la surface ! ( toujours avec une atÃ¨le )",2025-08-24T18:07:30Z,1,1981388235
"2025-08-24 21:43:46",tio_tvoff,7,"Zelda TOTK ! GANOOONDORFF ??",2025-08-24T19:31:49Z,1,512998
"2025-08-24 21:43:46",DivineArsenic,4,"[FR/EN] ðŸ’« TOTK : j'essaie de comprendre le temple du feuðŸ’«",2025-08-24T18:20:30Z,2,512998
"2025-08-24 21:43:46",ddytte,3,"Boss fight final ce soir va t'on rÃ©ussir ?",2025-08-24T18:39:55Z,3,512998
"2025-08-24 21:43:46",Faelhytv,2,"Tavern Time! Zelda TOTK! [FR/EN]",2025-08-24T15:43:27Z,4,512998
"2025-08-24 21:43:46",Vyrionyx,1,"On se tente un 100% ?",2025-08-24T18:06:11Z,5,512998
"2025-08-24 21:43:46",Lukysuerah,5,"De retour Ã  la surface ! ( toujours avec une atÃ¨le )",2025-08-24T18:07:30Z,1,1981388235
"2025-08-24 21:48:46",tio_tvoff,8,"Zelda TOTK ! GANOOONDORFF ??",2025-08-24T19:31:49Z,1,512998
"2025-08-24 21:48:46",DivineArsenic,3,"[FR/EN] ðŸ’« TOTK : j'essaie de comprendre le temple du feuðŸ’«",2025-08-24T18:20:30Z,2,512998
"2025-08-24 21:48:46",Faelhytv,2,"Tavern Time! Zelda TOTK! [FR/EN]",2025-08-24T15:43:27Z,3,512998
"2025-08-24 21:48:46",ddytte,2,"Boss fight final ce soir va t'on rÃ©ussir ?",2025-08-24T18:39:55Z,4,512998
"2025-08-24 21:48:46",Vyrionyx,1,"On se tente un 100% ?",2025-08-24T18:06:11Z,5,512998
"2025-08-24 21:48:46",Lukysuerah,6,"De retour Ã  la surface ! ( toujours avec une atÃ¨le )",2025-08-24T18:07:30Z,1,1981388235
"2025-08-24 21:53:46",tio_tvoff,6,"Zelda TOTK ! GANOOONDORFF ??",2025-08-24T19:31:49Z,1,512998
"2025-08-24 21:53:46",DivineArsenic,4,"[FR/EN] ðŸ’« TOTK : j'essaie de comprendre le temple du feuðŸ’«",2025-08-24T18:20:30Z,2,512998
"2025-08-24 21:53:46",ddytte,2,"Boss fight final ce soir va t'on rÃ©ussir ?",2025-08-24T18:39:55Z,3,512998
"2025-08-24 21:53:46",Vyrionyx,1,"On se tente un 100% ?",2025-08-24T18:06:11Z,4,512998
"2025-08-24 21:53:46",Lukysuerah,6,"De retour Ã  la surface ! ( toujours avec une atÃ¨le )",2025-08-24T18:07:30Z,1,1981388235
"2025-08-24 21:58:46",tio_tvoff,5,"Zelda TOTK ! GANOOONDORFF ??",2025-08-24T19:31:49Z,1,512998
"2025-08-24 21:58:46",DivineArsenic,4,"[FR/EN] ðŸ’« TOTK : j'essaie de comprendre le temple du feuðŸ’«",2025-08-24T18:20:30Z,2,512998
"2025-08-24 21:58:46",ddytte,3,"Boss fight final ce soir va t'on rÃ©ussir ?",2025-08-24T18:39:55Z,3,512998
"2025-08-24 21:58:46",Lukysuerah,6,"De retour Ã  la surface ! ( toujours avec une atÃ¨le )",2025-08-24T18:07:30Z,1,1981388235
"2025-08-24 22:03:46",tio_tvoff,6,"Zelda TOTK ! GANOOONDORFF ??",2025-08-24T19:31:49Z,1,512998
"2025-08-24 22:03:46",Doudysh,5,zeldaaa,2025-08-24T19:30:19Z,2,512998
"2025-08-24 22:03:46",DivineArsenic,4,"[FR/EN] ðŸ’« TOTK : j'essaie de comprendre le temple du feuðŸ’«",2025-08-24T18:20:30Z,3,512998
"2025-08-24 22:03:46",ddytte,3,"Boss fight final ce soir va t'on rÃ©ussir ?",2025-08-24T18:39:55Z,4,512998
"2025-08-24 22:03:46",melisavon,2,"C'est dimanche !!!!!!!",2025-08-24T20:00:10Z,5,512998
"2025-08-24 22:03:46",Lukysuerah,6,"De retour Ã  la surface ! ( toujours avec une atÃ¨le )",2025-08-24T18:07:30Z,1,1981388235
"2025-08-24 22:08:46",tio_tvoff,7,"Zelda TOTK ! GANOOONDORFF ??",2025-08-24T19:31:49Z,1,512998
"2025-08-24 22:08:46",Doudysh,6,zeldaaa,2025-08-24T19:30:19Z,2,512998
"2025-08-24 22:08:46",DivineArsenic,5,"[FR/EN] ðŸ’« TOTK : j'essaie de comprendre le temple du feuðŸ’«",2025-08-24T18:20:30Z,3,512998
"2025-08-24 22:08:46",ddytte,3,"Boss fight final ce soir va t'on rÃ©ussir ?",2025-08-24T18:39:55Z,4,512998
"2025-08-24 22:08:46",melisavon,1,"C'est dimanche !!!!!!!",2025-08-24T20:00:10Z,5,512998
"2025-08-24 22:08:46",Lukysuerah,6,"De retour Ã  la surface ! ( toujours avec une atÃ¨le )",2025-08-24T18:07:30Z,1,1981388235
"2025-08-24 22:13:46",tio_tvoff,8,"Zelda TOTK ! GANOOONDORFF ??",2025-08-24T19:31:49Z,1,512998
"2025-08-24 22:13:46",Doudysh,6,zeldaaa,2025-08-24T19:30:19Z,2,512998
"2025-08-24 22:13:46",DivineArsenic,4,"[FR/EN] ðŸ’« TOTK : j'essaie de comprendre le temple du feuðŸ’«",2025-08-24T18:20:30Z,3,512998
"2025-08-24 22:13:46",ddytte,3,"Boss fight final ce soir va t'on rÃ©ussir ?",2025-08-24T18:39:55Z,4,512998
"2025-08-24 22:13:46",melisavon,1,"C'est dimanche !!!!!!!",2025-08-24T20:00:10Z,5,512998
"2025-08-24 22:13:46",Lukysuerah,6,"De retour Ã  la surface ! ( toujours avec une atÃ¨le )",2025-08-24T18:07:30Z,1,1981388235
"2025-08-24 22:18:46",tio_tvoff,7,"Zelda TOTK ! GANOOONDORFF ??",2025-08-24T19:31:49Z,1,512998
"2025-08-24 22:18:46",DivineArsenic,5,"[FR/EN] ðŸ’« TOTK : j'essaie de comprendre le temple du feuðŸ’«",2025-08-24T18:20:30Z,2,512998
"2025-08-24 22:18:46",Doudysh,4,zeldaaa,2025-08-24T19:30:19Z,3,512998
"2025-08-24 22:18:46",ddytte,3,"Boss fight final ce soir va t'on rÃ©ussir ?",2025-08-24T18:39:55Z,4,512998
"2025-08-24 22:18:46",melisavon,1,"C'est dimanche !!!!!!!",2025-08-24T20:00:10Z,5,512998
"2025-08-24 22:18:46",Lukysuerah,5,"De retour Ã  la surface ! ( toujours avec une atÃ¨le )",2025-08-24T18:07:30Z,1,1981388235
"2025-08-24 22:23:46",tio_tvoff,9,"Zelda TOTK ! GANOOONDORFF ??",2025-08-24T19:31:49Z,1,512998
"2025-08-24 22:23:46",DivineArsenic,5,"[FR/EN] ðŸ’« TOTK : j'essaie de comprendre le temple du feuðŸ’«",2025-08-24T18:20:30Z,2,512998
"2025-08-24 22:23:46",ddytte,4,"Boss fight final ce soir va t'on rÃ©ussir ?",2025-08-24T18:39:55Z,3,512998
"2025-08-24 22:23:46",Doudysh,3,zeldaaa,2025-08-24T19:30:19Z,4,512998
"2025-08-24 22:23:46",melisavon,1,"C'est dimanche !!!!!!!",2025-08-24T20:00:10Z,5,512998
"2025-08-24 22:23:46",Lukysuerah,5,"De retour Ã  la surface ! ( toujours avec une atÃ¨le )",2025-08-24T18:07:30Z,1,1981388235
"2025-08-24 22:28:46",tio_tvoff,8,"Zelda TOTK ! GANOOONDORFF ??",2025-08-24T19:31:49Z,1,512998
"2025-08-24 22:28:46",ddytte,4,"Boss fight final ce soir va t'on rÃ©ussir ?",2025-08-24T18:39:55Z,2,512998
"2025-08-24 22:28:46",DivineArsenic,3,"[FR/EN] ðŸ’« TOTK : j'essaie de comprendre le temple du feuðŸ’«",2025-08-24T18:20:30Z,3,512998
"2025-08-24 22:28:46",Doudysh,2,zeldaaa,2025-08-24T19:30:19Z,4,512998
"2025-08-24 22:28:46",melisavon,1,"C'est dimanche !!!!!!!",2025-08-24T20:00:10Z,5,512998
"2025-08-24 22:28:46",Lukysuerah,5,"De retour Ã  la surface ! ( toujours avec une atÃ¨le )",2025-08-24T18:07:30Z,1,1981388235
"2025-08-24 22:33:46",tio_tvoff,9,"Zelda TOTK ! GANOOONDORFF ??",2025-08-24T19:31:49Z,1,512998
"2025-08-24 22:33:46",DivineArsenic,6,"[FR/EN] ðŸ’« TOTK : j'essaie de comprendre le temple du feuðŸ’«",2025-08-24T18:20:30Z,2,512998
"2025-08-24 22:33:46",ddytte,5,"Boss fight final ce soir va t'on rÃ©ussir ?",2025-08-24T18:39:55Z,3,512998
"2025-08-24 22:33:46",Doudysh,2,zeldaaa,2025-08-24T19:30:19Z,4,512998
"2025-08-24 22:33:46",melisavon,2,"C'est dimanche !!!!!!!",2025-08-24T20:00:10Z,5,512998
"2025-08-24 22:33:46",Lukysuerah,5,"De retour Ã  la surface ! ( toujours avec une atÃ¨le )",2025-08-24T18:07:30Z,1,1981388235
"2025-08-24 22:38:46",tio_tvoff,9,"Zelda TOTK ! GANOOONDORFF ??",2025-08-24T19:31:49Z,1,512998
"2025-08-24 22:38:46",DivineArsenic,3,"[FR/EN] ðŸ’« TOTK : j'essaie de comprendre le temple du feuðŸ’«",2025-08-24T18:20:30Z,2,512998
"2025-08-24 22:38:46",Doudysh,2,zeldaaa,2025-08-24T19:30:19Z,3,512998
"2025-08-24 22:38:46",ddytte,2,"Boss fight final ce soir va t'on rÃ©ussir ?",2025-08-24T18:39:55Z,4,512998
"2025-08-24 22:38:46",melisavon,1,"C'est dimanche !!!!!!!",2025-08-24T20:00:10Z,5,512998
"2025-08-24 22:38:46",Lukysuerah,5,"De retour Ã  la surface ! ( toujours avec une atÃ¨le )",2025-08-24T18:07:30Z,1,1981388235
"2025-08-24 22:43:46",tio_tvoff,8,"Zelda TOTK ! GANOOONDORFF ??",2025-08-24T19:31:49Z,1,512998
"2025-08-24 22:43:46",DivineArsenic,3,"[FR/EN] ðŸ’« TOTK : j'essaie de comprendre le temple du feuðŸ’«",2025-08-24T18:20:30Z,2,512998
"2025-08-24 22:43:46",Doudysh,2,zeldaaa,2025-08-24T19:30:19Z,3,512998
"2025-08-24 22:43:46",ddytte,2,"Boss fight final ce soir va t'on rÃ©ussir ?",2025-08-24T18:39:55Z,4,512998
"2025-08-24 22:43:46",melisavon,1,"C'est dimanche !!!!!!!",2025-08-24T20:00:10Z,5,512998
"2025-08-24 22:43:46",Lukysuerah,6,"De retour Ã  la surface ! ( toujours avec une atÃ¨le )",2025-08-24T18:07:30Z,1,1981388235
"2025-08-24 22:48:46",tio_tvoff,9,"Zelda TOTK ! GANOOONDORFF ??",2025-08-24T19:31:49Z,1,512998
"2025-08-24 22:48:46",DivineArsenic,5,"[FR/EN] ðŸ’« TOTK : j'essaie de comprendre le temple du feuðŸ’«",2025-08-24T18:20:30Z,2,512998
"2025-08-24 22:48:46",Doudysh,2,zeldaaa,2025-08-24T19:30:19Z,3,512998
"2025-08-24 22:48:46",melisavon,1,"C'est dimanche !!!!!!!",2025-08-24T20:00:10Z,4,512998
"2025-08-24 22:48:46",Lukysuerah,5,"De retour Ã  la surface ! ( toujours avec une atÃ¨le )",2025-08-24T18:07:30Z,1,1981388235
"2025-08-24 22:53:46",tio_tvoff,8,"Zelda TOTK ! GANOOONDORFF ??",2025-08-24T19:31:49Z,1,512998
"2025-08-24 22:53:46",DivineArsenic,3,"[FR/EN] ðŸ’« TOTK : j'essaie de comprendre le temple du feuðŸ’«",2025-08-24T18:20:30Z,2,512998
"2025-08-24 22:53:46",Doudysh,2,zeldaaa,2025-08-24T19:30:19Z,3,512998
"2025-08-24 22:53:46",Traquenarock,1,"[TOTK] - Let's Play - Episode: 1 ""La revanche de Ganon""",2025-08-24T18:35:15Z,4,512998
"2025-08-24 22:53:46",Lukysuerah,5,"De retour Ã  la surface ! ( toujours avec une atÃ¨le )",2025-08-24T18:07:30Z,1,1981388235
"2025-08-24 22:58:46",tio_tvoff,9,"Zelda TOTK ! GANOOONDORFF ??",2025-08-24T19:31:49Z,1,512998
"2025-08-24 22:58:46",DivineArsenic,5,"[FR/EN] ðŸ’« TOTK : j'essaie de comprendre le temple du feuðŸ’«",2025-08-24T18:20:30Z,2,512998
"2025-08-24 22:58:46",Doudysh,3,zeldaaa,2025-08-24T19:30:19Z,3,512998
"2025-08-24 22:58:46",Traquenarock,2,"[TOTK] - Let's Play - Episode: 1 ""La revanche de Ganon""",2025-08-24T18:35:15Z,4,512998
"2025-08-24 22:58:46",masterpiza,1,"the legend of zelda totk #20",2025-08-24T20:36:06Z,5,512998
"2025-08-24 22:58:46",Lukysuerah,5,"De retour Ã  la surface ! ( toujours avec une atÃ¨le )",2025-08-24T18:07:30Z,1,1981388235
"2025-08-24 23:03:46",tio_tvoff,9,"Zelda TOTK ! GANOOONDORFF ??",2025-08-24T19:31:49Z,1,512998
"2025-08-24 23:03:46",DivineArsenic,5,"[FR/EN] ðŸ’« TOTK : j'essaie de comprendre le temple du feuðŸ’«",2025-08-24T18:20:30Z,2,512998
"2025-08-24 23:03:46",Doudysh,3,zeldaaa,2025-08-24T19:30:19Z,3,512998
"2025-08-24 23:03:46",Traquenarock,2,"[TOTK] - Let's Play - Episode: 1 ""La revanche de Ganon""",2025-08-24T18:35:15Z,4,512998
"2025-08-24 23:03:46",masterpiza,1,"the legend of zelda totk #20",2025-08-24T20:36:06Z,5,512998
"2025-08-24 23:03:46",melisavon,1,"C'est dimanche !!!!!!!",2025-08-24T20:00:10Z,6,512998
"2025-08-24 23:03:46",Pink_rx,1,"On continu de chercher Zelda (!discord)",2025-08-24T20:54:54Z,7,512998
"2025-08-24 23:03:46",Lukysuerah,4,"De retour Ã  la surface ! ( toujours avec une atÃ¨le )",2025-08-24T18:07:30Z,1,1981388235
"2025-08-24 23:08:46",tio_tvoff,10,"Zelda TOTK ! GANOOONDORFF ??",2025-08-24T19:31:49Z,1,512998
"2025-08-24 23:08:46",DivineArsenic,5,"[FR/EN] ðŸ’« TOTK : j'essaie de comprendre le temple du feuðŸ’«",2025-08-24T18:20:30Z,2,512998
"2025-08-24 23:08:46",Doudysh,3,zeldaaa,2025-08-24T19:30:19Z,3,512998
"2025-08-24 23:08:46",masterpiza,1,"the legend of zelda totk #20",2025-08-24T20:36:06Z,4,512998
"2025-08-24 23:08:46",melisavon,1,"C'est dimanche !!!!!!!",2025-08-24T20:00:10Z,5,512998
"2025-08-24 23:08:46",Pink_rx,1,"On continu de chercher Zelda (!discord)",2025-08-24T20:54:54Z,6,512998
"2025-08-24 23:08:46",Lukysuerah,4,"De retour Ã  la surface ! ( toujours avec une atÃ¨le )",2025-08-24T18:07:30Z,1,1981388235
"2025-08-24 23:13:46",tio_tvoff,7,"Zelda TOTK ! GANOOONDORFF ??",2025-08-24T19:31:49Z,1,512998
"2025-08-24 23:13:46",DivineArsenic,4,"[FR/EN] ðŸ’« TOTK : j'essaie de comprendre le temple du feuðŸ’«",2025-08-24T18:20:30Z,2,512998
"2025-08-24 23:13:46",Doudysh,4,zeldaaa,2025-08-24T19:30:19Z,3,512998
"2025-08-24 23:13:46",masterpiza,1,"the legend of zelda totk #20",2025-08-24T20:36:06Z,4,512998
"2025-08-24 23:13:46",melisavon,1,"C'est dimanche !!!!!!!",2025-08-24T20:00:10Z,5,512998
"2025-08-24 23:13:46",Pink_rx,1,"On continu de chercher Zelda (!discord)",2025-08-24T20:54:54Z,6,512998
"2025-08-24 23:13:46",Lukysuerah,4,"De retour Ã  la surface ! ( toujours avec une atÃ¨le )",2025-08-24T18:07:30Z,1,1981388235
"2025-08-24 23:18:46",tio_tvoff,6,"Zelda TOTK ! GANOOONDORFF ??",2025-08-24T19:31:49Z,1,512998
"2025-08-24 23:18:46",DivineArsenic,5,"[FR/EN] ðŸ’« TOTK : j'essaie de comprendre le temple du feuðŸ’«",2025-08-24T18:20:30Z,2,512998
"2025-08-24 23:18:46",Doudysh,3,zeldaaa,2025-08-24T19:30:19Z,3,512998
"2025-08-24 23:18:46",masterpiza,1,"the legend of zelda totk #20",2025-08-24T20:36:06Z,4,512998
"2025-08-24 23:18:46",melisavon,1,"C'est dimanche !!!!!!!",2025-08-24T20:00:10Z,5,512998
"2025-08-24 23:18:46",Pink_rx,1,"On continu de chercher Zelda (!discord)",2025-08-24T20:54:54Z,6,512998
"2025-08-24 23:18:46",Lukysuerah,5,"De retour Ã  la surface ! ( toujours avec une atÃ¨le )",2025-08-24T18:07:30Z,1,1981388235
"2025-08-24 23:23:46",tio_tvoff,6,"Zelda TOTK ! GANOOONDORFF ??",2025-08-24T19:31:49Z,1,512998
"2025-08-24 23:23:46",Doudysh,3,zeldaaa,2025-08-24T19:30:19Z,2,512998
"2025-08-24 23:23:46",DivineArsenic,3,"[FR/EN] ðŸ’« TOTK : j'essaie de comprendre le temple du feuðŸ’«",2025-08-24T18:20:30Z,3,512998
"2025-08-24 23:23:46",masterpiza,1,"the legend of zelda totk #20",2025-08-24T20:36:06Z,4,512998
"2025-08-24 23:23:46",melisavon,1,"C'est dimanche !!!!!!!",2025-08-24T20:00:10Z,5,512998
"2025-08-24 23:23:46",Pink_rx,1,"On continu de chercher Zelda (!discord)",2025-08-24T20:54:54Z,6,512998
"2025-08-24 23:23:46",Lukysuerah,4,"De retour Ã  la surface ! ( toujours avec une atÃ¨le )",2025-08-24T18:07:30Z,1,1981388235
"2025-08-24 23:28:46",tio_tvoff,6,"Zelda TOTK ! GANOOONDORFF ??",2025-08-24T19:31:49Z,1,512998
"2025-08-24 23:28:46",Doudysh,3,zeldaaa,2025-08-24T19:30:19Z,2,512998
"2025-08-24 23:28:46",DivineArsenic,2,"[FR/EN] ðŸ’« TOTK : j'essaie de comprendre le temple du feuðŸ’«",2025-08-24T18:20:30Z,3,512998
"2025-08-24 23:28:46",masterpiza,1,"the legend of zelda totk #20",2025-08-24T20:36:06Z,4,512998
"2025-08-24 23:28:46",melisavon,1,"C'est dimanche !!!!!!!",2025-08-24T20:00:10Z,5,512998
"2025-08-24 23:28:46",Pink_rx,1,"On continu de chercher Zelda (!discord)",2025-08-24T20:54:54Z,6,512998
"2025-08-24 23:28:46",Lukysuerah,3,"De retour Ã  la surface ! ( toujours avec une atÃ¨le )",2025-08-24T18:07:30Z,1,1981388235
"2025-08-24 23:33:46",tio_tvoff,6,"Zelda TOTK ! GANOOONDORFF ??",2025-08-24T19:31:49Z,1,512998
"2025-08-24 23:33:46",Doudysh,4,zeldaaa,2025-08-24T19:30:19Z,2,512998
"2025-08-24 23:33:46",DivineArsenic,3,"[FR/EN] ðŸ’« TOTK : j'essaie de comprendre le temple du feuðŸ’«",2025-08-24T18:20:30Z,3,512998
"2025-08-24 23:33:46",masterpiza,1,"the legend of zelda totk #20",2025-08-24T20:36:06Z,4,512998
"2025-08-24 23:33:46",melisavon,1,"C'est dimanche !!!!!!!",2025-08-24T20:00:10Z,5,512998
"2025-08-24 23:33:46",Pink_rx,1,"On continu de chercher Zelda (!discord)",2025-08-24T20:54:54Z,6,512998
"2025-08-24 23:33:46",Lukysuerah,3,"De retour Ã  la surface ! ( toujours avec une atÃ¨le )",2025-08-24T18:07:30Z,1,1981388235
"2025-08-24 23:38:46",tio_tvoff,6,"Zelda TOTK ! GANOOONDORFF ??",2025-08-24T19:31:49Z,1,512998
"2025-08-24 23:38:46",Doudysh,4,zeldaaa,2025-08-24T19:30:19Z,2,512998
"2025-08-24 23:38:46",DivineArsenic,3,"[FR/EN] ðŸ’« TOTK : j'essaie de comprendre le temple du feuðŸ’«",2025-08-24T18:20:30Z,3,512998
"2025-08-24 23:38:46",masterpiza,1,"the legend of zelda totk #20",2025-08-24T20:36:06Z,4,512998
"2025-08-24 23:38:46",melisavon,1,"C'est dimanche !!!!!!!",2025-08-24T20:00:10Z,5,512998
"2025-08-24 23:38:46",Pink_rx,1,"On continu de chercher Zelda (!discord)",2025-08-24T20:54:54Z,6,512998
"2025-08-24 23:38:46",Lukysuerah,3,"De retour Ã  la surface ! ( toujours avec une atÃ¨le )",2025-08-24T18:07:30Z,1,1981388235
"2025-08-24 23:43:46",tio_tvoff,6,"Zelda TOTK ! GANOOONDORFF ??",2025-08-24T19:31:49Z,1,512998
"2025-08-24 23:43:46",Doudysh,4,zeldaaa,2025-08-24T19:30:19Z,2,512998
"2025-08-24 23:43:46",DivineArsenic,3,"[FR/EN] ðŸ’« TOTK : j'essaie de comprendre le temple du feuðŸ’«",2025-08-24T18:20:30Z,3,512998
"2025-08-24 23:43:46",masterpiza,1,"the legend of zelda totk #20",2025-08-24T20:36:06Z,4,512998
"2025-08-24 23:43:46",melisavon,1,"C'est dimanche !!!!!!!",2025-08-24T20:00:10Z,5,512998
"2025-08-24 23:43:46",Pink_rx,1,"On continu de chercher Zelda (!discord)",2025-08-24T20:54:54Z,6,512998
"2025-08-24 23:43:46",Lukysuerah,3,"De retour Ã  la surface ! ( toujours avec une atÃ¨le )",2025-08-24T18:07:30Z,1,1981388235
"2025-08-24 23:48:46",Doudysh,6,zeldaaa,2025-08-24T19:30:19Z,1,512998
"2025-08-24 23:48:46",tio_tvoff,6,"Zelda TOTK ! GANOOONDORFF ??",2025-08-24T19:31:49Z,2,512998
"2025-08-24 23:48:46",DivineArsenic,4,"[FR/EN] ðŸ’« TOTK : j'essaie de comprendre le temple du feuðŸ’«",2025-08-24T18:20:30Z,3,512998
"2025-08-24 23:48:46",melisavon,1,"C'est dimanche !!!!!!!",2025-08-24T20:00:10Z,4,512998
"2025-08-24 23:48:46",shiibiiiiiiii,1,"EPEE EN MOUSSE",2025-08-24T21:45:31Z,5,512998
"2025-08-24 23:48:46",Pink_rx,1,"On continu de chercher Zelda (!discord)",2025-08-24T20:54:54Z,6,512998
"2025-08-24 23:48:46",Lukysuerah,3,"De retour Ã  la surface ! ( toujours avec une atÃ¨le )",2025-08-24T18:07:30Z,1,1981388235
"2025-08-25 10:43:49",Lukysuerah,2,"De retour Ã  la surface ! ( toujours avec une atÃ¨le )",2025-08-25T08:14:45Z,1,1981388235
"2025-08-25 10:48:46",Lukysuerah,4,"De retour Ã  la surface ! ( toujours avec une atÃ¨le )",2025-08-25T08:14:45Z,1,1981388235
"2025-08-25 10:53:49",Lukysuerah,2,"De retour Ã  la surface ! ( toujours avec une atÃ¨le )",2025-08-25T08:14:45Z,1,1981388235
"2025-08-25 10:58:46",Lukysuerah,2,"De retour Ã  la surface ! ( toujours avec une atÃ¨le )",2025-08-25T08:14:45Z,1,1981388235
"2025-08-25 11:03:46",Lukysuerah,2,"De retour Ã  la surface ! ( toujours avec une atÃ¨le )",2025-08-25T08:14:45Z,1,1981388235
