"2025-08-21 15:42:08",Jidun,28,"ðŸ”´ 16h30 : Silksong - Skyrim Vampire Only mais je suis hantÃ© par une poule-garou !",2025-08-21T12:00:58Z,1,1050003477
"2025-08-21 15:42:08",la_taverne_de_djimak,4,"skyrim pc ENFIN ! mais clavier ou manette ? goclecd !",2025-08-21T11:52:01Z,2,1050003477
"2025-08-21 15:42:08",KitKatPaws,2,"Nouvelle armure - on vide le journal des petites quÃªtes",2025-08-21T13:25:27Z,3,1050003477
"2025-08-21 15:42:08",SvarogV2,1,"let play skyrim avec des defi #12",2025-08-21T12:36:53Z,4,1050003477
"2025-08-21 15:42:08",RedDhole,1,"Skyrim: Saving Solstheim! (FR/EN/JP w/ EN subtitles)",2025-08-21T12:03:54Z,5,1050003477
"2025-08-21 15:55:46",freyzzou,2,"chasseur de dragon pro!",2025-08-21T11:59:58Z,1,30028
"2025-08-21 15:55:46",HanChan_0013,2,"J'AI PEUR D'AVOIR MAL ALORS J'AI TOUT MIS EN MAGIE... Attends quoi?",2025-08-21T13:25:18Z,2,30028
"2025-08-21 15:55:46",suguuha_,1,chill..,2025-08-21T12:30:02Z,3,30028
"2025-08-21 15:55:46",Jidun,28,"ðŸ”´ 16h30 : Silksong - Skyrim Vampire Only mais je suis hantÃ© par une poule-garou !",2025-08-21T12:00:58Z,1,1050003477
"2025-08-21 15:55:46",KitKatPaws,2,"Nouvelle armure - on vide le journal des petites quÃªtes",2025-08-21T13:25:27Z,2,1050003477
"2025-08-21 15:55:46",la_taverne_de_djimak,2,"skyrim pc ENFIN ! mais clavier ou manette ? goclecd !",2025-08-21T11:52:01Z,3,1050003477
"2025-08-21 15:55:46",SvarogV2,1,"let play skyrim avec des defi #12",2025-08-21T12:36:53Z,4,1050003477
"2025-08-21 15:55:46",RedDhole,1,"Skyrim: Saving Solstheim! (FR/EN/JP w/ EN subtitles)",2025-08-21T12:03:54Z,5,1050003477
"2025-08-21 15:55:46",le_jejey,1,"Petit retour sur Skyrim",2025-08-21T13:50:36Z,1,1258270417
