"2025-09-03 10:41:28",LE_Vrai_Patate,96,"VALORANK ET 2E SESSION DE HOLLOW KNIGHT ! <3 [QC|FR-EN|18+] #ChallengeRunners !insta",2025-09-03T00:36:44Z,1,490147
"2025-09-03 10:41:28",madara592300,22,"d√©couverte panth√©on 3 sly me rend fou",2025-09-03T07:58:42Z,2,490147
"2025-09-03 10:41:28",LaureBee,15,"Quel jeu de con quand meme.",2025-09-03T07:33:34Z,3,490147
"2025-09-03 10:41:28",FeenieH,11,"Dawn of The Final Day -24 Hours Remain -",2025-09-03T06:06:19Z,4,490147
"2025-09-03 10:41:28",Phastos,8,"Ptit P5 avant Tainted Keeper pour se chauffer les doigts (et tester la co)",2025-09-03T08:27:45Z,5,490147
"2025-09-03 10:41:28",LOONditto,6,"AUJOURD'HUI ON FINIT ptet HOLLOW KNIGHT - EP 6",2025-09-03T07:51:17Z,6,490147
"2025-09-03 10:41:28",BenqzLePoulpe,5,"[FR] HOLLOW KNIGHT | On a deux jours pour finir ce jeu üî¥ü¶ë !discord",2025-09-03T07:21:39Z,7,490147
"2025-09-03 10:41:28",Cirem,4,"Arc des 3 h√©ros !",2025-09-03T08:24:33Z,8,490147
"2025-09-03 10:41:28",HeadDQuarter,4,"Matinal Hollow Knight en attendant le jeu de l'ann√©e !!!",2025-09-03T08:26:44Z,9,490147
"2025-09-03 10:41:28",MiuraShotaro,3,"SILKSONG J-1 ! Premi√®re incursion au royaume d'Hallownest ‚Äî !discord !tip !emote !help",2025-09-03T07:13:50Z,10,490147
"2025-09-03 10:41:28",TheSkeletonGentleman,2,"Hollow knight √¢me d'acier, vais-je pouvoir rivaliser | partie 2",2025-09-03T06:46:00Z,11,490147
"2025-09-03 10:41:28",TomateLive_,1,"NoMicro Run MKDD üçÖ",2025-09-03T06:59:39Z,12,490147
"2025-09-03 10:41:28",TrueNinten,1,"Finir en moins de 24 heures Hollow Knight, c'est possible ? [FR]",2025-09-03T07:36:33Z,13,490147
"2025-09-03 10:41:28",Buzz_Lait_Clair,1,"J-1 Silksong <3 Demain c'est le grand jour :D nouvelle partie :3 je sais plus quoi faire :,D  Series X",2025-09-03T06:12:11Z,14,490147
"2025-09-03 10:41:28",michmich42_270,1,"entrainement avant Silksong demain",2025-09-03T07:38:05Z,15,490147
"2025-09-03 10:41:28",skymme,1,"[FR/PC] PANTHEON 5",2025-09-03T08:05:26Z,16,490147
"2025-09-03 10:41:28",EyesOfPucci,1,"Hollow Knight Rush Jour 7 - Episode final (normalement)",2025-09-03T05:57:16Z,17,490147
"2025-09-03 10:41:28",Aliocar,1,"Hollow Knight : Probablement la continuit√© des mines ou du colis√©e",2025-09-03T08:19:39Z,18,490147
"2025-09-03 10:41:28",aaadrri,1,"OMG PANTHEON 5 AVANT DEMAIN ?! (non)",2025-09-03T07:55:40Z,19,490147
"2025-09-03 10:51:32",madara592300,16,"d√©couverte panth√©on 3 sly me rend fou",2025-09-03T07:58:42Z,1,490147
"2025-09-03 10:51:32",LaureBee,15,"Quel jeu de con quand meme.",2025-09-03T07:33:34Z,2,490147
"2025-09-03 10:51:32",Phastos,11,"Ptit P5 avant Tainted Keeper pour se chauffer les doigts (et tester la co)",2025-09-03T08:27:45Z,3,490147
"2025-09-03 10:51:32",FeenieH,11,"Dawn of The Final Day -24 Hours Remain -",2025-09-03T06:06:19Z,4,490147
"2025-09-03 10:51:32",Cirem,7,"Arc des 3 h√©ros ! (Totale d√©couverte)",2025-09-03T08:24:33Z,5,490147
"2025-09-03 10:51:32",LOONditto,4,"AUJOURD'HUI ON FINIT ptet HOLLOW KNIGHT - EP 6",2025-09-03T07:51:17Z,6,490147
"2025-09-03 10:51:32",MiuraShotaro,4,"SILKSONG J-1 ! Premi√®re incursion au royaume d'Hallownest ‚Äî !discord !tip !emote !help",2025-09-03T07:13:50Z,7,490147
"2025-09-03 10:51:32",BenqzLePoulpe,4,"[FR] HOLLOW KNIGHT | On a deux jours pour finir ce jeu üî¥ü¶ë !discord",2025-09-03T07:21:39Z,8,490147
"2025-09-03 10:51:32",HeadDQuarter,4,"Matinal Hollow Knight en attendant le jeu de l'ann√©e !!!",2025-09-03T08:26:44Z,9,490147
"2025-09-03 10:51:32",TheSkeletonGentleman,2,"Hollow knight √¢me d'acier, vais-je pouvoir rivaliser | partie 2",2025-09-03T06:46:00Z,10,490147
"2025-09-03 10:51:32",TrueNinten,1,"Finir en moins de 24 heures Hollow Knight, c'est possible ? [FR]",2025-09-03T07:36:33Z,11,490147
"2025-09-03 10:51:32",Buzz_Lait_Clair,1,"J-1 Silksong <3 Demain c'est le grand jour :D nouvelle partie :3 je sais plus quoi faire :,D  Series X",2025-09-03T06:12:11Z,12,490147
"2025-09-03 10:51:32",michmich42_270,1,"entrainement avant Silksong demain",2025-09-03T07:38:05Z,13,490147
"2025-09-03 10:51:32",TomateLive_,1,"NoMicro Run MKDD üçÖ",2025-09-03T06:59:39Z,14,490147
"2025-09-03 10:51:32",skymme,1,"[FR/PC] PANTHEON 5",2025-09-03T08:05:26Z,15,490147
"2025-09-03 10:51:32",EyesOfPucci,1,"Hollow Knight Rush Jour 7 - Episode final (normalement)",2025-09-03T05:57:16Z,16,490147
"2025-09-03 10:51:32",Aliocar,1,"Hollow Knight : Probablement la continuit√© des mines ou du colis√©e",2025-09-03T08:19:39Z,17,490147
"2025-09-03 10:51:32",aaadrri,1,"OMG PANTHEON 5 AVANT DEMAIN ?! (non)",2025-09-03T07:55:40Z,18,490147
"2025-09-03 10:51:32",larchymagee,0,"Hollow Knight I Path of Pain.",2025-09-03T08:40:57Z,19,490147
"2025-09-03 10:51:32",l_Mickey_l,0,"Reprise d'Hollow Knight - Ending 3/5 - 105/112% - Colis√©e des fous 3/3 - Radiance v1 KO - Grimm V1 KO",2025-09-03T08:44:06Z,20,490147
"2025-09-04 22:42:45",EncreMecanique,81,"üü†Pas de Silksong, 0->112% HollowKnight",2025-09-04T17:28:59Z,1,490147
"2025-09-04 22:42:45",XaeLeee,18,"[D√©couverte - Chill] Vite vite vite √† l'aventure",2025-09-04T18:50:04Z,2,490147
"2025-09-04 22:42:45",Seth_Moriarty,11,"On f√™te la sortie de SILKSONG en continuant la d√©couverte d'HOLLOW KNIGHT",2025-09-04T19:16:12Z,3,490147
"2025-09-04 22:42:45",GidyYup,10,"Vais-je le finir un jour ?",2025-09-04T14:25:38Z,4,490147
"2025-09-04 22:42:45",Octo_verse,8,"ü™∂Suite de l'aventure de notre petit chevalier avec les mystere d'Hormet ! ü™∂ (PAS DE SPOIL DE SILKSONG) | !Youtube !Discord",2025-09-04T19:03:07Z,5,490147
"2025-09-04 22:42:45",MiuraShotaro,6,"Tout le monde pense √† SILKSONG mais les vrais restent √† Dirtmouth ! ‚Äî !discord !tip !emote !help",2025-09-04T16:29:49Z,6,490147
"2025-09-04 22:42:45",Professeur_Mysty,5,"Pas de Silksong pour moi d'abord on termine Hollow Knight | Hollow Knight | !discord !youtube",2025-09-04T18:55:06Z,7,490147
"2025-09-04 22:42:45",LeManoirDesGeeks,5,"Le Manoir des Geeks - Hollow Knight",2025-09-04T17:33:34Z,8,490147
"2025-09-04 22:42:45",WhiskyBorn,4,"[2K] On continue Chevalier Creux, on le finit avant d'attaquer la suite : Silksong",2025-09-04T17:57:30Z,9,490147
"2025-09-04 22:42:45",Sainte_Paresse,4,"[Hollow Knight] Combat contre des insectes, qu'est ce que √ßa cache ?",2025-09-04T19:55:07Z,10,490147
"2025-09-04 22:42:45",arcoks,4,"D√©couverte de Hollow knight ! (alors qu'il y a Silksong)",2025-09-04T16:00:28Z,11,490147
"2025-09-04 22:42:45",LeBonJCLN,4,"PS4 | Platine Hollow Knight #1",2025-09-04T16:57:34Z,12,490147
"2025-09-04 22:42:45",RoiOurs,4,"C‚Äôest quoi SlikSong ? Connais pas jamais jou√© ! D√©couverte Hollow Knight no spoil no backseat merci !",2025-09-04T19:56:34Z,13,490147
"2025-09-04 22:42:45",catlisachanuwu,3,aaaa,2025-09-04T20:11:53Z,14,490147
"2025-09-04 22:42:45",croquesmadames,3,"√ßa va rager fort  !discord !insta !twitter !commande",2025-09-04T18:25:50Z,15,490147
"2025-09-04 22:42:45",AyceeeTV,3,"[FR] D√©couverte d'Hollow Knight dans le bon",2025-09-04T20:28:37Z,16,490147
"2025-09-04 22:42:45",FairyInu,3,"PAS DE SILKSONG ON FINIR D'ABORD HOLLOW KNIGHT",2025-09-04T14:50:12Z,17,490147
"2025-09-04 22:42:45",JONNMICH,3,"üåøQC | FRüåø ‚öîÔ∏èüêû JONNY Fini HOLLOW KNIGHT LIVE LA! --> SILKSONG üé∂üëëPRET POUR SILKSONG üïπÔ∏èüî• [1 SUB = Roulette üõû] @JONNMICH on !socialsüåø",2025-09-04T19:06:15Z,18,490147
"2025-09-04 22:42:45",MonsieurDipsy,3,"Hollow Knight Silksong, mais le premier",2025-09-04T19:58:50Z,19,490147
"2025-09-04 22:42:45",N3Li0,2,"Hollow Knight",2025-09-04T18:25:09Z,20,490147
"2025-09-04 22:42:45",DonJuhto,2,"Hollow Knight mais pas celui qui est hype, l'autre (je l'ai jamais fait full d√©couverte !| !discord !pokestart",2025-09-04T18:15:09Z,21,490147
"2025-09-04 22:42:45",GoldMP4,2,"BIENTOT L'AFFILIATION !! | Ce soir √ßa teste Hollow Knight !!",2025-09-04T20:05:41Z,22,490147
"2025-09-04 22:42:45",vegetax92_,2,"PANTHEON 5 ET DECOUVERTE SILKSONG",2025-09-04T19:03:22Z,23,490147
"2025-09-04 22:42:45",Krominus,2,"PAS Silksong",2025-09-04T19:44:58Z,24,490147
"2025-09-04 22:42:45",koshva,2,"[Fr]|112%| Radiance / Panth√©on  !!!",2025-09-04T19:52:46Z,25,490147
"2025-09-04 22:42:45",Elyphe,2,"On reprend Hollow Knight a balle",2025-09-04T15:50:37Z,26,490147
"2025-09-04 22:42:45",Arkhezias,2,"Alors, certes, Silksong est sorti, mais on n'a pas termin√© le boulot √† Hallownest !",2025-09-04T18:31:18Z,27,490147
"2025-09-04 22:42:45",Shuukapic,2,"On termine la journ√©e sur Hollow Knight ! üçµ !discord !youtube",2025-09-04T18:30:34Z,28,490147
"2025-09-04 22:42:45",lekillerdu57,2,"Hollow knight",2025-09-04T19:51:05Z,29,490147
"2025-09-04 22:42:45",ProbablyYume,2,"Hollow Knight - Silksongn't, Grim still needs to fall first.",2025-09-04T19:02:57Z,30,490147
"2025-09-04 22:42:45",KofiMood,2,"Speedrun any% cp Focus & Chill session , Objectif sub 35",2025-09-04T20:20:20Z,31,490147
"2025-09-04 22:42:45",asroz__,2,"on commence hollow knight",2025-09-04T19:33:09Z,32,490147
"2025-09-04 22:42:45",oceane_pinguin,2,"hollow knight",2025-09-04T19:31:07Z,33,490147
"2025-09-04 22:42:45",SamiiSaamm,1,"Un Metroidvania de l√©gende | Let's play",2025-09-04T18:35:47Z,34,490147
"2025-09-04 22:42:45",l_Mickey_l,1,"Not Silksong - Ending 3/5 - 108/112% - Go pantheon",2025-09-04T19:10:29Z,35,490147
"2025-09-04 22:42:45",h0ney0gurt,1,"HOLLOW KNIGHT (pas silksong) | VENEZ VOIR LE JEU QUI VIENS PAS DE SORTIR",2025-09-04T19:18:09Z,36,490147
"2025-09-04 22:42:45",TheHug0Geek,1,"Hollow Knight : Silksong est sorti ! Bon bah, c'est l'heure de la r√©demption sur le Hollow Knight... // !spoil",2025-09-04T17:56:47Z,37,490147
"2025-09-04 22:42:45",Cafki,1,"Hollow Knight √ßa continue !!!",2025-09-04T18:38:48Z,38,490147
"2025-09-04 22:42:45",reykulevraii,1,"DECOUVERTE DE HOLLOW KNIGHT PUIS REACT",2025-09-04T19:45:04Z,39,490147
"2025-09-04 22:42:45",Lapsusfr,1,"Metroidvadia Bucket ü•° - Hollow knight le jeu entier normalement",2025-09-04T19:34:18Z,40,490147
"2025-09-04 22:42:45",Brhum_,1,"D√©couverte de Hollow Knight",2025-09-04T19:15:18Z,41,490147
"2025-09-04 22:42:45",speedy2_ytb,1,Jsp,2025-09-04T20:30:49Z,42,490147
"2025-09-04 22:42:45",Nattebaya,1,"Frayez-vous un chemin dans le monde de Hollow Knight ! | D√©couverte üîé | #Let'sPlay",2025-09-04T20:09:45Z,43,490147
"2025-09-04 22:42:45",MasterShiftt,1,"[D√©couverte] On avance plut√¥t bien !",2025-09-04T17:56:01Z,44,490147
"2025-09-04 22:42:45",Vassili_59,1,"üî¥// Ouf ! On a fr√¥l√© la vie ! // !Youtube !Discord",2025-09-04T19:12:36Z,45,490147
"2025-09-04 22:42:45",Cryleur7,1,"Toujours aussi perdu dans ce jeu mais il est cool de s'y perdre",2025-09-04T14:54:24Z,46,490147
"2025-09-04 22:42:45",hika_ttv,1,"Hollow Knight : Totale D√©couverte. üåô",2025-09-04T15:51:44Z,47,490147
"2025-09-04 22:42:45",kementaria_,1,"viens te perdre dans hollow knight avec moi",2025-09-04T18:40:08Z,48,490147
"2025-09-04 22:42:45",lolobooost,1,"Je platine Hollow knight et silksong ! Du moins j'essai [+18]",2025-09-04T20:28:26Z,49,490147
"2025-09-04 22:42:45",MawanEz,1,"Splatin away...s",2025-09-04T19:03:27Z,50,490147
"2025-09-04 22:42:45",yoriw,1,"je joue √† Hollow Knight pour la premi√®re fois !",2025-09-04T19:25:09Z,51,490147
"2025-09-04 22:42:45",aelanddaiy,1,"j'ai pas fini a temps mais on continue",2025-09-04T19:26:07Z,52,490147
"2025-09-04 22:42:45",Bulawi,1,"Hollow Knight avant Silksong | !pillar",2025-09-04T20:37:54Z,53,490147
"2025-09-04 22:42:45",Gwiffith,0,"8 ans de retard, on d√©couvre le jeu",2025-09-04T20:23:57Z,54,490147
